,index,x,y,endpoint_x,endpoint_y,endpoint_position,cx,cy,area,perimeter
0,1,126,178,113.0,201.0,left down,122.0,188.0,457.5,89.21320307254791
1,1,127,178,110.0,182.0,left up,,,,
2,1,128,178,134.0,178.0,right up,,,,
3,1,129,178,136.0,195.0,right down,,,,
4,1,130,178,,,,,,,
5,1,131,178,,,,,,,
6,1,132,178,,,,,,,
7,1,133,178,,,,,,,
8,1,134,178,,,,,,,
9,1,121,179,,,,,,,
10,1,122,179,,,,,,,
11,1,123,179,,,,,,,
12,1,124,179,,,,,,,
13,1,125,179,,,,,,,
14,1,126,179,,,,,,,
15,1,127,179,,,,,,,
16,1,128,179,,,,,,,
17,1,129,179,,,,,,,
18,1,130,179,,,,,,,
19,1,131,179,,,,,,,
20,1,132,179,,,,,,,
21,1,133,179,,,,,,,
22,1,134,179,,,,,,,
23,1,117,180,,,,,,,
24,1,118,180,,,,,,,
25,1,119,180,,,,,,,
26,1,120,180,,,,,,,
27,1,121,180,,,,,,,
28,1,122,180,,,,,,,
29,1,123,180,,,,,,,
30,1,124,180,,,,,,,
31,1,125,180,,,,,,,
32,1,126,180,,,,,,,
33,1,127,180,,,,,,,
34,1,128,180,,,,,,,
35,1,129,180,,,,,,,
36,1,130,180,,,,,,,
37,1,131,180,,,,,,,
38,1,132,180,,,,,,,
39,1,133,180,,,,,,,
40,1,134,180,,,,,,,
41,1,114,181,,,,,,,
42,1,115,181,,,,,,,
43,1,116,181,,,,,,,
44,1,117,181,,,,,,,
45,1,118,181,,,,,,,
46,1,119,181,,,,,,,
47,1,120,181,,,,,,,
48,1,121,181,,,,,,,
49,1,122,181,,,,,,,
50,1,123,181,,,,,,,
51,1,124,181,,,,,,,
52,1,125,181,,,,,,,
53,1,126,181,,,,,,,
54,1,127,181,,,,,,,
55,1,128,181,,,,,,,
56,1,129,181,,,,,,,
57,1,130,181,,,,,,,
58,1,131,181,,,,,,,
59,1,132,181,,,,,,,
60,1,133,181,,,,,,,
61,1,134,181,,,,,,,
62,1,110,182,,,,,,,
63,1,111,182,,,,,,,
64,1,112,182,,,,,,,
65,1,113,182,,,,,,,
66,1,114,182,,,,,,,
67,1,115,182,,,,,,,
68,1,116,182,,,,,,,
69,1,117,182,,,,,,,
70,1,118,182,,,,,,,
71,1,119,182,,,,,,,
72,1,120,182,,,,,,,
73,1,121,182,,,,,,,
74,1,122,182,,,,,,,
75,1,123,182,,,,,,,
76,1,124,182,,,,,,,
77,1,125,182,,,,,,,
78,1,126,182,,,,,,,
79,1,127,182,,,,,,,
80,1,128,182,,,,,,,
81,1,129,182,,,,,,,
82,1,130,182,,,,,,,
83,1,131,182,,,,,,,
84,1,132,182,,,,,,,
85,1,133,182,,,,,,,
86,1,134,182,,,,,,,
87,1,135,182,,,,,,,
88,1,110,183,,,,,,,
89,1,111,183,,,,,,,
90,1,112,183,,,,,,,
91,1,113,183,,,,,,,
92,1,114,183,,,,,,,
93,1,115,183,,,,,,,
94,1,116,183,,,,,,,
95,1,117,183,,,,,,,
96,1,118,183,,,,,,,
97,1,119,183,,,,,,,
98,1,120,183,,,,,,,
99,1,121,183,,,,,,,
100,1,122,183,,,,,,,
101,1,123,183,,,,,,,
102,1,124,183,,,,,,,
103,1,125,183,,,,,,,
104,1,126,183,,,,,,,
105,1,127,183,,,,,,,
106,1,128,183,,,,,,,
107,1,129,183,,,,,,,
108,1,130,183,,,,,,,
109,1,131,183,,,,,,,
110,1,132,183,,,,,,,
111,1,133,183,,,,,,,
112,1,134,183,,,,,,,
113,1,135,183,,,,,,,
114,1,110,184,,,,,,,
115,1,111,184,,,,,,,
116,1,112,184,,,,,,,
117,1,113,184,,,,,,,
118,1,114,184,,,,,,,
119,1,115,184,,,,,,,
120,1,116,184,,,,,,,
121,1,117,184,,,,,,,
122,1,118,184,,,,,,,
123,1,119,184,,,,,,,
124,1,120,184,,,,,,,
125,1,121,184,,,,,,,
126,1,122,184,,,,,,,
127,1,123,184,,,,,,,
128,1,124,184,,,,,,,
129,1,125,184,,,,,,,
130,1,126,184,,,,,,,
131,1,127,184,,,,,,,
132,1,128,184,,,,,,,
133,1,129,184,,,,,,,
134,1,130,184,,,,,,,
135,1,131,184,,,,,,,
136,1,132,184,,,,,,,
137,1,133,184,,,,,,,
138,1,134,184,,,,,,,
139,1,135,184,,,,,,,
140,1,110,185,,,,,,,
141,1,111,185,,,,,,,
142,1,112,185,,,,,,,
143,1,113,185,,,,,,,
144,1,114,185,,,,,,,
145,1,115,185,,,,,,,
146,1,116,185,,,,,,,
147,1,117,185,,,,,,,
148,1,118,185,,,,,,,
149,1,119,185,,,,,,,
150,1,120,185,,,,,,,
151,1,121,185,,,,,,,
152,1,122,185,,,,,,,
153,1,123,185,,,,,,,
154,1,124,185,,,,,,,
155,1,125,185,,,,,,,
156,1,126,185,,,,,,,
157,1,127,185,,,,,,,
158,1,128,185,,,,,,,
159,1,129,185,,,,,,,
160,1,130,185,,,,,,,
161,1,131,185,,,,,,,
162,1,132,185,,,,,,,
163,1,133,185,,,,,,,
164,1,134,185,,,,,,,
165,1,135,185,,,,,,,
166,1,136,185,,,,,,,
167,1,110,186,,,,,,,
168,1,111,186,,,,,,,
169,1,112,186,,,,,,,
170,1,113,186,,,,,,,
171,1,114,186,,,,,,,
172,1,115,186,,,,,,,
173,1,116,186,,,,,,,
174,1,117,186,,,,,,,
175,1,118,186,,,,,,,
176,1,119,186,,,,,,,
177,1,120,186,,,,,,,
178,1,121,186,,,,,,,
179,1,122,186,,,,,,,
180,1,123,186,,,,,,,
181,1,124,186,,,,,,,
182,1,125,186,,,,,,,
183,1,126,186,,,,,,,
184,1,127,186,,,,,,,
185,1,128,186,,,,,,,
186,1,129,186,,,,,,,
187,1,130,186,,,,,,,
188,1,131,186,,,,,,,
189,1,132,186,,,,,,,
190,1,133,186,,,,,,,
191,1,134,186,,,,,,,
192,1,135,186,,,,,,,
193,1,136,186,,,,,,,
194,1,110,187,,,,,,,
195,1,111,187,,,,,,,
196,1,112,187,,,,,,,
197,1,113,187,,,,,,,
198,1,114,187,,,,,,,
199,1,115,187,,,,,,,
200,1,116,187,,,,,,,
201,1,117,187,,,,,,,
202,1,118,187,,,,,,,
203,1,119,187,,,,,,,
204,1,120,187,,,,,,,
205,1,121,187,,,,,,,
206,1,122,187,,,,,,,
207,1,123,187,,,,,,,
208,1,124,187,,,,,,,
209,1,125,187,,,,,,,
210,1,126,187,,,,,,,
211,1,127,187,,,,,,,
212,1,128,187,,,,,,,
213,1,129,187,,,,,,,
214,1,130,187,,,,,,,
215,1,131,187,,,,,,,
216,1,132,187,,,,,,,
217,1,133,187,,,,,,,
218,1,134,187,,,,,,,
219,1,135,187,,,,,,,
220,1,136,187,,,,,,,
221,1,110,188,,,,,,,
222,1,111,188,,,,,,,
223,1,112,188,,,,,,,
224,1,113,188,,,,,,,
225,1,114,188,,,,,,,
226,1,115,188,,,,,,,
227,1,116,188,,,,,,,
228,1,117,188,,,,,,,
229,1,118,188,,,,,,,
230,1,119,188,,,,,,,
231,1,120,188,,,,,,,
232,1,121,188,,,,,,,
233,1,122,188,,,,,,,
234,1,123,188,,,,,,,
235,1,124,188,,,,,,,
236,1,125,188,,,,,,,
237,1,126,188,,,,,,,
238,1,127,188,,,,,,,
239,1,128,188,,,,,,,
240,1,129,188,,,,,,,
241,1,130,188,,,,,,,
242,1,131,188,,,,,,,
243,1,132,188,,,,,,,
244,1,133,188,,,,,,,
245,1,134,188,,,,,,,
246,1,135,188,,,,,,,
247,1,136,188,,,,,,,
248,1,111,189,,,,,,,
249,1,112,189,,,,,,,
250,1,113,189,,,,,,,
251,1,114,189,,,,,,,
252,1,115,189,,,,,,,
253,1,116,189,,,,,,,
254,1,117,189,,,,,,,
255,1,118,189,,,,,,,
256,1,119,189,,,,,,,
257,1,120,189,,,,,,,
258,1,121,189,,,,,,,
259,1,122,189,,,,,,,
260,1,123,189,,,,,,,
261,1,124,189,,,,,,,
262,1,125,189,,,,,,,
263,1,126,189,,,,,,,
264,1,127,189,,,,,,,
265,1,128,189,,,,,,,
266,1,129,189,,,,,,,
267,1,130,189,,,,,,,
268,1,131,189,,,,,,,
269,1,132,189,,,,,,,
270,1,133,189,,,,,,,
271,1,134,189,,,,,,,
272,1,135,189,,,,,,,
273,1,136,189,,,,,,,
274,1,111,190,,,,,,,
275,1,112,190,,,,,,,
276,1,113,190,,,,,,,
277,1,114,190,,,,,,,
278,1,115,190,,,,,,,
279,1,116,190,,,,,,,
280,1,117,190,,,,,,,
281,1,118,190,,,,,,,
282,1,119,190,,,,,,,
283,1,120,190,,,,,,,
284,1,121,190,,,,,,,
285,1,122,190,,,,,,,
286,1,123,190,,,,,,,
287,1,124,190,,,,,,,
288,1,125,190,,,,,,,
289,1,126,190,,,,,,,
290,1,127,190,,,,,,,
291,1,128,190,,,,,,,
292,1,129,190,,,,,,,
293,1,130,190,,,,,,,
294,1,131,190,,,,,,,
295,1,132,190,,,,,,,
296,1,133,190,,,,,,,
297,1,134,190,,,,,,,
298,1,135,190,,,,,,,
299,1,136,190,,,,,,,
300,1,111,191,,,,,,,
301,1,112,191,,,,,,,
302,1,113,191,,,,,,,
303,1,114,191,,,,,,,
304,1,115,191,,,,,,,
305,1,116,191,,,,,,,
306,1,117,191,,,,,,,
307,1,118,191,,,,,,,
308,1,119,191,,,,,,,
309,1,120,191,,,,,,,
310,1,121,191,,,,,,,
311,1,122,191,,,,,,,
312,1,123,191,,,,,,,
313,1,124,191,,,,,,,
314,1,125,191,,,,,,,
315,1,126,191,,,,,,,
316,1,127,191,,,,,,,
317,1,128,191,,,,,,,
318,1,129,191,,,,,,,
319,1,130,191,,,,,,,
320,1,131,191,,,,,,,
321,1,132,191,,,,,,,
322,1,133,191,,,,,,,
323,1,134,191,,,,,,,
324,1,135,191,,,,,,,
325,1,136,191,,,,,,,
326,1,111,192,,,,,,,
327,1,112,192,,,,,,,
328,1,113,192,,,,,,,
329,1,114,192,,,,,,,
330,1,115,192,,,,,,,
331,1,116,192,,,,,,,
332,1,117,192,,,,,,,
333,1,118,192,,,,,,,
334,1,119,192,,,,,,,
335,1,120,192,,,,,,,
336,1,121,192,,,,,,,
337,1,122,192,,,,,,,
338,1,123,192,,,,,,,
339,1,124,192,,,,,,,
340,1,125,192,,,,,,,
341,1,126,192,,,,,,,
342,1,127,192,,,,,,,
343,1,128,192,,,,,,,
344,1,129,192,,,,,,,
345,1,130,192,,,,,,,
346,1,131,192,,,,,,,
347,1,132,192,,,,,,,
348,1,133,192,,,,,,,
349,1,134,192,,,,,,,
350,1,135,192,,,,,,,
351,1,136,192,,,,,,,
352,1,112,193,,,,,,,
353,1,113,193,,,,,,,
354,1,114,193,,,,,,,
355,1,115,193,,,,,,,
356,1,116,193,,,,,,,
357,1,117,193,,,,,,,
358,1,118,193,,,,,,,
359,1,119,193,,,,,,,
360,1,120,193,,,,,,,
361,1,121,193,,,,,,,
362,1,122,193,,,,,,,
363,1,123,193,,,,,,,
364,1,124,193,,,,,,,
365,1,125,193,,,,,,,
366,1,126,193,,,,,,,
367,1,127,193,,,,,,,
368,1,128,193,,,,,,,
369,1,129,193,,,,,,,
370,1,130,193,,,,,,,
371,1,131,193,,,,,,,
372,1,132,193,,,,,,,
373,1,133,193,,,,,,,
374,1,134,193,,,,,,,
375,1,135,193,,,,,,,
376,1,136,193,,,,,,,
377,1,112,194,,,,,,,
378,1,113,194,,,,,,,
379,1,114,194,,,,,,,
380,1,115,194,,,,,,,
381,1,116,194,,,,,,,
382,1,117,194,,,,,,,
383,1,118,194,,,,,,,
384,1,119,194,,,,,,,
385,1,120,194,,,,,,,
386,1,121,194,,,,,,,
387,1,122,194,,,,,,,
388,1,123,194,,,,,,,
389,1,124,194,,,,,,,
390,1,125,194,,,,,,,
391,1,126,194,,,,,,,
392,1,127,194,,,,,,,
393,1,128,194,,,,,,,
394,1,129,194,,,,,,,
395,1,130,194,,,,,,,
396,1,131,194,,,,,,,
397,1,132,194,,,,,,,
398,1,133,194,,,,,,,
399,1,134,194,,,,,,,
400,1,135,194,,,,,,,
401,1,136,194,,,,,,,
402,1,112,195,,,,,,,
403,1,113,195,,,,,,,
404,1,114,195,,,,,,,
405,1,115,195,,,,,,,
406,1,116,195,,,,,,,
407,1,117,195,,,,,,,
408,1,118,195,,,,,,,
409,1,119,195,,,,,,,
410,1,120,195,,,,,,,
411,1,121,195,,,,,,,
412,1,122,195,,,,,,,
413,1,123,195,,,,,,,
414,1,124,195,,,,,,,
415,1,125,195,,,,,,,
416,1,126,195,,,,,,,
417,1,127,195,,,,,,,
418,1,128,195,,,,,,,
419,1,129,195,,,,,,,
420,1,130,195,,,,,,,
421,1,131,195,,,,,,,
422,1,132,195,,,,,,,
423,1,133,195,,,,,,,
424,1,134,195,,,,,,,
425,1,135,195,,,,,,,
426,1,136,195,,,,,,,
427,1,112,196,,,,,,,
428,1,113,196,,,,,,,
429,1,114,196,,,,,,,
430,1,115,196,,,,,,,
431,1,116,196,,,,,,,
432,1,117,196,,,,,,,
433,1,118,196,,,,,,,
434,1,119,196,,,,,,,
435,1,120,196,,,,,,,
436,1,121,196,,,,,,,
437,1,122,196,,,,,,,
438,1,123,196,,,,,,,
439,1,124,196,,,,,,,
440,1,125,196,,,,,,,
441,1,126,196,,,,,,,
442,1,127,196,,,,,,,
443,1,128,196,,,,,,,
444,1,129,196,,,,,,,
445,1,130,196,,,,,,,
446,1,113,197,,,,,,,
447,1,114,197,,,,,,,
448,1,115,197,,,,,,,
449,1,116,197,,,,,,,
450,1,117,197,,,,,,,
451,1,118,197,,,,,,,
452,1,119,197,,,,,,,
453,1,120,197,,,,,,,
454,1,121,197,,,,,,,
455,1,122,197,,,,,,,
456,1,123,197,,,,,,,
457,1,124,197,,,,,,,
458,1,125,197,,,,,,,
459,1,126,197,,,,,,,
460,1,127,197,,,,,,,
461,1,113,198,,,,,,,
462,1,114,198,,,,,,,
463,1,115,198,,,,,,,
464,1,116,198,,,,,,,
465,1,117,198,,,,,,,
466,1,118,198,,,,,,,
467,1,119,198,,,,,,,
468,1,120,198,,,,,,,
469,1,121,198,,,,,,,
470,1,122,198,,,,,,,
471,1,123,198,,,,,,,
472,1,124,198,,,,,,,
473,1,113,199,,,,,,,
474,1,114,199,,,,,,,
475,1,115,199,,,,,,,
476,1,116,199,,,,,,,
477,1,117,199,,,,,,,
478,1,118,199,,,,,,,
479,1,119,199,,,,,,,
480,1,120,199,,,,,,,
481,1,121,199,,,,,,,
482,1,122,199,,,,,,,
483,1,123,199,,,,,,,
484,1,113,200,,,,,,,
485,1,114,200,,,,,,,
486,1,115,200,,,,,,,
487,1,116,200,,,,,,,
488,1,117,200,,,,,,,
489,1,118,200,,,,,,,
490,1,119,200,,,,,,,
491,1,120,200,,,,,,,
492,1,121,200,,,,,,,
493,1,113,201,,,,,,,
494,1,114,201,,,,,,,
495,1,115,201,,,,,,,
496,1,116,201,,,,,,,
497,1,117,201,,,,,,,
498,1,118,201,,,,,,,
499,1,119,201,,,,,,,
0,2,109,148,132.0,166.0,right down,121.0,157.0,455.5,87.0710676908493
1,2,110,148,109.0,167.0,left down,,,,
2,2,111,148,109.0,148.0,left up,,,,
3,2,112,148,134.0,148.0,right up,,,,
4,2,113,148,,,,,,,
5,2,114,148,,,,,,,
6,2,115,148,,,,,,,
7,2,116,148,,,,,,,
8,2,117,148,,,,,,,
9,2,118,148,,,,,,,
10,2,119,148,,,,,,,
11,2,120,148,,,,,,,
12,2,123,148,,,,,,,
13,2,124,148,,,,,,,
14,2,125,148,,,,,,,
15,2,126,148,,,,,,,
16,2,127,148,,,,,,,
17,2,128,148,,,,,,,
18,2,129,148,,,,,,,
19,2,130,148,,,,,,,
20,2,131,148,,,,,,,
21,2,132,148,,,,,,,
22,2,133,148,,,,,,,
23,2,134,148,,,,,,,
24,2,109,149,,,,,,,
25,2,110,149,,,,,,,
26,2,111,149,,,,,,,
27,2,112,149,,,,,,,
28,2,113,149,,,,,,,
29,2,114,149,,,,,,,
30,2,115,149,,,,,,,
31,2,116,149,,,,,,,
32,2,117,149,,,,,,,
33,2,118,149,,,,,,,
34,2,119,149,,,,,,,
35,2,120,149,,,,,,,
36,2,121,149,,,,,,,
37,2,122,149,,,,,,,
38,2,123,149,,,,,,,
39,2,124,149,,,,,,,
40,2,125,149,,,,,,,
41,2,126,149,,,,,,,
42,2,127,149,,,,,,,
43,2,128,149,,,,,,,
44,2,129,149,,,,,,,
45,2,130,149,,,,,,,
46,2,131,149,,,,,,,
47,2,132,149,,,,,,,
48,2,133,149,,,,,,,
49,2,134,149,,,,,,,
50,2,109,150,,,,,,,
51,2,110,150,,,,,,,
52,2,111,150,,,,,,,
53,2,112,150,,,,,,,
54,2,113,150,,,,,,,
55,2,114,150,,,,,,,
56,2,115,150,,,,,,,
57,2,116,150,,,,,,,
58,2,117,150,,,,,,,
59,2,118,150,,,,,,,
60,2,119,150,,,,,,,
61,2,120,150,,,,,,,
62,2,121,150,,,,,,,
63,2,122,150,,,,,,,
64,2,123,150,,,,,,,
65,2,124,150,,,,,,,
66,2,125,150,,,,,,,
67,2,126,150,,,,,,,
68,2,127,150,,,,,,,
69,2,128,150,,,,,,,
70,2,129,150,,,,,,,
71,2,130,150,,,,,,,
72,2,131,150,,,,,,,
73,2,132,150,,,,,,,
74,2,133,150,,,,,,,
75,2,134,150,,,,,,,
76,2,109,151,,,,,,,
77,2,110,151,,,,,,,
78,2,111,151,,,,,,,
79,2,112,151,,,,,,,
80,2,113,151,,,,,,,
81,2,114,151,,,,,,,
82,2,115,151,,,,,,,
83,2,116,151,,,,,,,
84,2,117,151,,,,,,,
85,2,118,151,,,,,,,
86,2,119,151,,,,,,,
87,2,120,151,,,,,,,
88,2,121,151,,,,,,,
89,2,122,151,,,,,,,
90,2,123,151,,,,,,,
91,2,124,151,,,,,,,
92,2,125,151,,,,,,,
93,2,126,151,,,,,,,
94,2,127,151,,,,,,,
95,2,128,151,,,,,,,
96,2,129,151,,,,,,,
97,2,130,151,,,,,,,
98,2,131,151,,,,,,,
99,2,132,151,,,,,,,
100,2,133,151,,,,,,,
101,2,134,151,,,,,,,
102,2,109,152,,,,,,,
103,2,110,152,,,,,,,
104,2,111,152,,,,,,,
105,2,112,152,,,,,,,
106,2,113,152,,,,,,,
107,2,114,152,,,,,,,
108,2,115,152,,,,,,,
109,2,116,152,,,,,,,
110,2,117,152,,,,,,,
111,2,118,152,,,,,,,
112,2,119,152,,,,,,,
113,2,120,152,,,,,,,
114,2,121,152,,,,,,,
115,2,122,152,,,,,,,
116,2,123,152,,,,,,,
117,2,124,152,,,,,,,
118,2,125,152,,,,,,,
119,2,126,152,,,,,,,
120,2,127,152,,,,,,,
121,2,128,152,,,,,,,
122,2,129,152,,,,,,,
123,2,130,152,,,,,,,
124,2,131,152,,,,,,,
125,2,132,152,,,,,,,
126,2,133,152,,,,,,,
127,2,134,152,,,,,,,
128,2,109,153,,,,,,,
129,2,110,153,,,,,,,
130,2,111,153,,,,,,,
131,2,112,153,,,,,,,
132,2,113,153,,,,,,,
133,2,114,153,,,,,,,
134,2,115,153,,,,,,,
135,2,116,153,,,,,,,
136,2,117,153,,,,,,,
137,2,118,153,,,,,,,
138,2,119,153,,,,,,,
139,2,120,153,,,,,,,
140,2,121,153,,,,,,,
141,2,122,153,,,,,,,
142,2,123,153,,,,,,,
143,2,124,153,,,,,,,
144,2,125,153,,,,,,,
145,2,126,153,,,,,,,
146,2,127,153,,,,,,,
147,2,128,153,,,,,,,
148,2,129,153,,,,,,,
149,2,130,153,,,,,,,
150,2,131,153,,,,,,,
151,2,132,153,,,,,,,
152,2,133,153,,,,,,,
153,2,134,153,,,,,,,
154,2,109,154,,,,,,,
155,2,110,154,,,,,,,
156,2,111,154,,,,,,,
157,2,112,154,,,,,,,
158,2,113,154,,,,,,,
159,2,114,154,,,,,,,
160,2,115,154,,,,,,,
161,2,116,154,,,,,,,
162,2,117,154,,,,,,,
163,2,118,154,,,,,,,
164,2,119,154,,,,,,,
165,2,120,154,,,,,,,
166,2,121,154,,,,,,,
167,2,122,154,,,,,,,
168,2,123,154,,,,,,,
169,2,124,154,,,,,,,
170,2,125,154,,,,,,,
171,2,126,154,,,,,,,
172,2,127,154,,,,,,,
173,2,128,154,,,,,,,
174,2,129,154,,,,,,,
175,2,130,154,,,,,,,
176,2,131,154,,,,,,,
177,2,132,154,,,,,,,
178,2,133,154,,,,,,,
179,2,134,154,,,,,,,
180,2,109,155,,,,,,,
181,2,110,155,,,,,,,
182,2,111,155,,,,,,,
183,2,112,155,,,,,,,
184,2,113,155,,,,,,,
185,2,114,155,,,,,,,
186,2,115,155,,,,,,,
187,2,116,155,,,,,,,
188,2,117,155,,,,,,,
189,2,118,155,,,,,,,
190,2,119,155,,,,,,,
191,2,120,155,,,,,,,
192,2,121,155,,,,,,,
193,2,122,155,,,,,,,
194,2,123,155,,,,,,,
195,2,124,155,,,,,,,
196,2,125,155,,,,,,,
197,2,126,155,,,,,,,
198,2,127,155,,,,,,,
199,2,128,155,,,,,,,
200,2,129,155,,,,,,,
201,2,130,155,,,,,,,
202,2,131,155,,,,,,,
203,2,132,155,,,,,,,
204,2,133,155,,,,,,,
205,2,134,155,,,,,,,
206,2,109,156,,,,,,,
207,2,110,156,,,,,,,
208,2,111,156,,,,,,,
209,2,112,156,,,,,,,
210,2,113,156,,,,,,,
211,2,114,156,,,,,,,
212,2,115,156,,,,,,,
213,2,116,156,,,,,,,
214,2,117,156,,,,,,,
215,2,118,156,,,,,,,
216,2,119,156,,,,,,,
217,2,120,156,,,,,,,
218,2,121,156,,,,,,,
219,2,122,156,,,,,,,
220,2,123,156,,,,,,,
221,2,124,156,,,,,,,
222,2,125,156,,,,,,,
223,2,126,156,,,,,,,
224,2,127,156,,,,,,,
225,2,128,156,,,,,,,
226,2,129,156,,,,,,,
227,2,130,156,,,,,,,
228,2,131,156,,,,,,,
229,2,132,156,,,,,,,
230,2,133,156,,,,,,,
231,2,134,156,,,,,,,
232,2,109,157,,,,,,,
233,2,110,157,,,,,,,
234,2,111,157,,,,,,,
235,2,112,157,,,,,,,
236,2,113,157,,,,,,,
237,2,114,157,,,,,,,
238,2,115,157,,,,,,,
239,2,116,157,,,,,,,
240,2,117,157,,,,,,,
241,2,118,157,,,,,,,
242,2,119,157,,,,,,,
243,2,120,157,,,,,,,
244,2,121,157,,,,,,,
245,2,122,157,,,,,,,
246,2,123,157,,,,,,,
247,2,124,157,,,,,,,
248,2,125,157,,,,,,,
249,2,126,157,,,,,,,
250,2,127,157,,,,,,,
251,2,128,157,,,,,,,
252,2,129,157,,,,,,,
253,2,130,157,,,,,,,
254,2,131,157,,,,,,,
255,2,132,157,,,,,,,
256,2,133,157,,,,,,,
257,2,134,157,,,,,,,
258,2,109,158,,,,,,,
259,2,110,158,,,,,,,
260,2,111,158,,,,,,,
261,2,112,158,,,,,,,
262,2,113,158,,,,,,,
263,2,114,158,,,,,,,
264,2,115,158,,,,,,,
265,2,116,158,,,,,,,
266,2,117,158,,,,,,,
267,2,118,158,,,,,,,
268,2,119,158,,,,,,,
269,2,120,158,,,,,,,
270,2,121,158,,,,,,,
271,2,122,158,,,,,,,
272,2,123,158,,,,,,,
273,2,124,158,,,,,,,
274,2,125,158,,,,,,,
275,2,126,158,,,,,,,
276,2,127,158,,,,,,,
277,2,128,158,,,,,,,
278,2,129,158,,,,,,,
279,2,130,158,,,,,,,
280,2,131,158,,,,,,,
281,2,132,158,,,,,,,
282,2,133,158,,,,,,,
283,2,134,158,,,,,,,
284,2,109,159,,,,,,,
285,2,110,159,,,,,,,
286,2,111,159,,,,,,,
287,2,112,159,,,,,,,
288,2,113,159,,,,,,,
289,2,114,159,,,,,,,
290,2,115,159,,,,,,,
291,2,116,159,,,,,,,
292,2,117,159,,,,,,,
293,2,118,159,,,,,,,
294,2,119,159,,,,,,,
295,2,120,159,,,,,,,
296,2,121,159,,,,,,,
297,2,122,159,,,,,,,
298,2,123,159,,,,,,,
299,2,124,159,,,,,,,
300,2,125,159,,,,,,,
301,2,126,159,,,,,,,
302,2,127,159,,,,,,,
303,2,128,159,,,,,,,
304,2,129,159,,,,,,,
305,2,130,159,,,,,,,
306,2,131,159,,,,,,,
307,2,132,159,,,,,,,
308,2,133,159,,,,,,,
309,2,134,159,,,,,,,
310,2,109,160,,,,,,,
311,2,110,160,,,,,,,
312,2,111,160,,,,,,,
313,2,112,160,,,,,,,
314,2,113,160,,,,,,,
315,2,114,160,,,,,,,
316,2,115,160,,,,,,,
317,2,116,160,,,,,,,
318,2,117,160,,,,,,,
319,2,118,160,,,,,,,
320,2,119,160,,,,,,,
321,2,120,160,,,,,,,
322,2,121,160,,,,,,,
323,2,122,160,,,,,,,
324,2,123,160,,,,,,,
325,2,124,160,,,,,,,
326,2,125,160,,,,,,,
327,2,126,160,,,,,,,
328,2,127,160,,,,,,,
329,2,128,160,,,,,,,
330,2,129,160,,,,,,,
331,2,130,160,,,,,,,
332,2,131,160,,,,,,,
333,2,132,160,,,,,,,
334,2,133,160,,,,,,,
335,2,134,160,,,,,,,
336,2,109,161,,,,,,,
337,2,110,161,,,,,,,
338,2,111,161,,,,,,,
339,2,112,161,,,,,,,
340,2,113,161,,,,,,,
341,2,114,161,,,,,,,
342,2,115,161,,,,,,,
343,2,116,161,,,,,,,
344,2,117,161,,,,,,,
345,2,118,161,,,,,,,
346,2,119,161,,,,,,,
347,2,120,161,,,,,,,
348,2,121,161,,,,,,,
349,2,122,161,,,,,,,
350,2,123,161,,,,,,,
351,2,124,161,,,,,,,
352,2,125,161,,,,,,,
353,2,126,161,,,,,,,
354,2,127,161,,,,,,,
355,2,128,161,,,,,,,
356,2,129,161,,,,,,,
357,2,130,161,,,,,,,
358,2,131,161,,,,,,,
359,2,132,161,,,,,,,
360,2,133,161,,,,,,,
361,2,134,161,,,,,,,
362,2,109,162,,,,,,,
363,2,110,162,,,,,,,
364,2,111,162,,,,,,,
365,2,112,162,,,,,,,
366,2,113,162,,,,,,,
367,2,114,162,,,,,,,
368,2,115,162,,,,,,,
369,2,116,162,,,,,,,
370,2,117,162,,,,,,,
371,2,118,162,,,,,,,
372,2,119,162,,,,,,,
373,2,120,162,,,,,,,
374,2,121,162,,,,,,,
375,2,122,162,,,,,,,
376,2,123,162,,,,,,,
377,2,124,162,,,,,,,
378,2,125,162,,,,,,,
379,2,126,162,,,,,,,
380,2,127,162,,,,,,,
381,2,128,162,,,,,,,
382,2,129,162,,,,,,,
383,2,130,162,,,,,,,
384,2,131,162,,,,,,,
385,2,132,162,,,,,,,
386,2,133,162,,,,,,,
387,2,134,162,,,,,,,
388,2,109,163,,,,,,,
389,2,110,163,,,,,,,
390,2,111,163,,,,,,,
391,2,112,163,,,,,,,
392,2,113,163,,,,,,,
393,2,114,163,,,,,,,
394,2,115,163,,,,,,,
395,2,116,163,,,,,,,
396,2,117,163,,,,,,,
397,2,118,163,,,,,,,
398,2,119,163,,,,,,,
399,2,120,163,,,,,,,
400,2,121,163,,,,,,,
401,2,122,163,,,,,,,
402,2,123,163,,,,,,,
403,2,124,163,,,,,,,
404,2,125,163,,,,,,,
405,2,126,163,,,,,,,
406,2,127,163,,,,,,,
407,2,128,163,,,,,,,
408,2,129,163,,,,,,,
409,2,130,163,,,,,,,
410,2,131,163,,,,,,,
411,2,132,163,,,,,,,
412,2,133,163,,,,,,,
413,2,134,163,,,,,,,
414,2,109,164,,,,,,,
415,2,110,164,,,,,,,
416,2,111,164,,,,,,,
417,2,112,164,,,,,,,
418,2,113,164,,,,,,,
419,2,114,164,,,,,,,
420,2,115,164,,,,,,,
421,2,116,164,,,,,,,
422,2,117,164,,,,,,,
423,2,118,164,,,,,,,
424,2,119,164,,,,,,,
425,2,120,164,,,,,,,
426,2,121,164,,,,,,,
427,2,122,164,,,,,,,
428,2,123,164,,,,,,,
429,2,124,164,,,,,,,
430,2,125,164,,,,,,,
431,2,126,164,,,,,,,
432,2,127,164,,,,,,,
433,2,128,164,,,,,,,
434,2,129,164,,,,,,,
435,2,130,164,,,,,,,
436,2,131,164,,,,,,,
437,2,132,164,,,,,,,
438,2,133,164,,,,,,,
439,2,109,165,,,,,,,
440,2,110,165,,,,,,,
441,2,111,165,,,,,,,
442,2,112,165,,,,,,,
443,2,113,165,,,,,,,
444,2,114,165,,,,,,,
445,2,115,165,,,,,,,
446,2,116,165,,,,,,,
447,2,117,165,,,,,,,
448,2,118,165,,,,,,,
449,2,119,165,,,,,,,
450,2,120,165,,,,,,,
451,2,121,165,,,,,,,
452,2,122,165,,,,,,,
453,2,123,165,,,,,,,
454,2,124,165,,,,,,,
455,2,125,165,,,,,,,
456,2,126,165,,,,,,,
457,2,127,165,,,,,,,
458,2,128,165,,,,,,,
459,2,129,165,,,,,,,
460,2,130,165,,,,,,,
461,2,131,165,,,,,,,
462,2,132,165,,,,,,,
463,2,133,165,,,,,,,
464,2,109,166,,,,,,,
465,2,110,166,,,,,,,
466,2,111,166,,,,,,,
467,2,112,166,,,,,,,
468,2,113,166,,,,,,,
469,2,114,166,,,,,,,
470,2,115,166,,,,,,,
471,2,116,166,,,,,,,
472,2,117,166,,,,,,,
473,2,118,166,,,,,,,
474,2,119,166,,,,,,,
475,2,120,166,,,,,,,
476,2,121,166,,,,,,,
477,2,122,166,,,,,,,
478,2,123,166,,,,,,,
479,2,124,166,,,,,,,
480,2,125,166,,,,,,,
481,2,126,166,,,,,,,
482,2,127,166,,,,,,,
483,2,128,166,,,,,,,
484,2,129,166,,,,,,,
485,2,130,166,,,,,,,
486,2,131,166,,,,,,,
487,2,132,166,,,,,,,
488,2,109,167,,,,,,,
489,2,110,167,,,,,,,
490,2,111,167,,,,,,,
491,2,112,167,,,,,,,
492,2,113,167,,,,,,,
493,2,114,167,,,,,,,
494,2,115,167,,,,,,,
495,2,116,167,,,,,,,
496,2,117,167,,,,,,,
497,2,118,167,,,,,,,
498,2,119,167,,,,,,,
0,3,115,115,136.0,137.0,right down,125.0,126.0,485.5,90.72792184352875
1,3,116,115,113.0,135.0,left down,,,,
2,3,117,115,115.0,115.0,left up,,,,
3,3,118,115,139.0,117.0,right up,,,,
4,3,119,115,,,,,,,
5,3,120,115,,,,,,,
6,3,121,115,,,,,,,
7,3,122,115,,,,,,,
8,3,123,115,,,,,,,
9,3,115,116,,,,,,,
10,3,116,116,,,,,,,
11,3,117,116,,,,,,,
12,3,118,116,,,,,,,
13,3,119,116,,,,,,,
14,3,120,116,,,,,,,
15,3,121,116,,,,,,,
16,3,122,116,,,,,,,
17,3,123,116,,,,,,,
18,3,124,116,,,,,,,
19,3,125,116,,,,,,,
20,3,126,116,,,,,,,
21,3,115,117,,,,,,,
22,3,116,117,,,,,,,
23,3,117,117,,,,,,,
24,3,118,117,,,,,,,
25,3,119,117,,,,,,,
26,3,120,117,,,,,,,
27,3,121,117,,,,,,,
28,3,122,117,,,,,,,
29,3,123,117,,,,,,,
30,3,124,117,,,,,,,
31,3,125,117,,,,,,,
32,3,126,117,,,,,,,
33,3,127,117,,,,,,,
34,3,128,117,,,,,,,
35,3,129,117,,,,,,,
36,3,130,117,,,,,,,
37,3,131,117,,,,,,,
38,3,132,117,,,,,,,
39,3,133,117,,,,,,,
40,3,134,117,,,,,,,
41,3,135,117,,,,,,,
42,3,136,117,,,,,,,
43,3,137,117,,,,,,,
44,3,138,117,,,,,,,
45,3,139,117,,,,,,,
46,3,115,118,,,,,,,
47,3,116,118,,,,,,,
48,3,117,118,,,,,,,
49,3,118,118,,,,,,,
50,3,119,118,,,,,,,
51,3,120,118,,,,,,,
52,3,121,118,,,,,,,
53,3,122,118,,,,,,,
54,3,123,118,,,,,,,
55,3,124,118,,,,,,,
56,3,125,118,,,,,,,
57,3,126,118,,,,,,,
58,3,127,118,,,,,,,
59,3,128,118,,,,,,,
60,3,129,118,,,,,,,
61,3,130,118,,,,,,,
62,3,131,118,,,,,,,
63,3,132,118,,,,,,,
64,3,133,118,,,,,,,
65,3,134,118,,,,,,,
66,3,135,118,,,,,,,
67,3,136,118,,,,,,,
68,3,137,118,,,,,,,
69,3,138,118,,,,,,,
70,3,139,118,,,,,,,
71,3,115,119,,,,,,,
72,3,116,119,,,,,,,
73,3,117,119,,,,,,,
74,3,118,119,,,,,,,
75,3,119,119,,,,,,,
76,3,120,119,,,,,,,
77,3,121,119,,,,,,,
78,3,122,119,,,,,,,
79,3,123,119,,,,,,,
80,3,124,119,,,,,,,
81,3,125,119,,,,,,,
82,3,126,119,,,,,,,
83,3,127,119,,,,,,,
84,3,128,119,,,,,,,
85,3,129,119,,,,,,,
86,3,130,119,,,,,,,
87,3,131,119,,,,,,,
88,3,132,119,,,,,,,
89,3,133,119,,,,,,,
90,3,134,119,,,,,,,
91,3,135,119,,,,,,,
92,3,136,119,,,,,,,
93,3,137,119,,,,,,,
94,3,138,119,,,,,,,
95,3,139,119,,,,,,,
96,3,115,120,,,,,,,
97,3,116,120,,,,,,,
98,3,117,120,,,,,,,
99,3,118,120,,,,,,,
100,3,119,120,,,,,,,
101,3,120,120,,,,,,,
102,3,121,120,,,,,,,
103,3,122,120,,,,,,,
104,3,123,120,,,,,,,
105,3,124,120,,,,,,,
106,3,125,120,,,,,,,
107,3,126,120,,,,,,,
108,3,127,120,,,,,,,
109,3,128,120,,,,,,,
110,3,129,120,,,,,,,
111,3,130,120,,,,,,,
112,3,131,120,,,,,,,
113,3,132,120,,,,,,,
114,3,133,120,,,,,,,
115,3,134,120,,,,,,,
116,3,135,120,,,,,,,
117,3,136,120,,,,,,,
118,3,137,120,,,,,,,
119,3,138,120,,,,,,,
120,3,139,120,,,,,,,
121,3,115,121,,,,,,,
122,3,116,121,,,,,,,
123,3,117,121,,,,,,,
124,3,118,121,,,,,,,
125,3,119,121,,,,,,,
126,3,120,121,,,,,,,
127,3,121,121,,,,,,,
128,3,122,121,,,,,,,
129,3,123,121,,,,,,,
130,3,124,121,,,,,,,
131,3,125,121,,,,,,,
132,3,126,121,,,,,,,
133,3,127,121,,,,,,,
134,3,128,121,,,,,,,
135,3,129,121,,,,,,,
136,3,130,121,,,,,,,
137,3,131,121,,,,,,,
138,3,132,121,,,,,,,
139,3,133,121,,,,,,,
140,3,134,121,,,,,,,
141,3,135,121,,,,,,,
142,3,136,121,,,,,,,
143,3,137,121,,,,,,,
144,3,138,121,,,,,,,
145,3,139,121,,,,,,,
146,3,115,122,,,,,,,
147,3,116,122,,,,,,,
148,3,117,122,,,,,,,
149,3,118,122,,,,,,,
150,3,119,122,,,,,,,
151,3,120,122,,,,,,,
152,3,121,122,,,,,,,
153,3,122,122,,,,,,,
154,3,123,122,,,,,,,
155,3,124,122,,,,,,,
156,3,125,122,,,,,,,
157,3,126,122,,,,,,,
158,3,127,122,,,,,,,
159,3,128,122,,,,,,,
160,3,129,122,,,,,,,
161,3,130,122,,,,,,,
162,3,131,122,,,,,,,
163,3,132,122,,,,,,,
164,3,133,122,,,,,,,
165,3,134,122,,,,,,,
166,3,135,122,,,,,,,
167,3,136,122,,,,,,,
168,3,137,122,,,,,,,
169,3,138,122,,,,,,,
170,3,139,122,,,,,,,
171,3,114,123,,,,,,,
172,3,115,123,,,,,,,
173,3,116,123,,,,,,,
174,3,117,123,,,,,,,
175,3,118,123,,,,,,,
176,3,119,123,,,,,,,
177,3,120,123,,,,,,,
178,3,121,123,,,,,,,
179,3,122,123,,,,,,,
180,3,123,123,,,,,,,
181,3,124,123,,,,,,,
182,3,125,123,,,,,,,
183,3,126,123,,,,,,,
184,3,127,123,,,,,,,
185,3,128,123,,,,,,,
186,3,129,123,,,,,,,
187,3,130,123,,,,,,,
188,3,131,123,,,,,,,
189,3,132,123,,,,,,,
190,3,133,123,,,,,,,
191,3,134,123,,,,,,,
192,3,135,123,,,,,,,
193,3,136,123,,,,,,,
194,3,137,123,,,,,,,
195,3,138,123,,,,,,,
196,3,139,123,,,,,,,
197,3,114,124,,,,,,,
198,3,115,124,,,,,,,
199,3,116,124,,,,,,,
200,3,117,124,,,,,,,
201,3,118,124,,,,,,,
202,3,119,124,,,,,,,
203,3,120,124,,,,,,,
204,3,121,124,,,,,,,
205,3,122,124,,,,,,,
206,3,123,124,,,,,,,
207,3,124,124,,,,,,,
208,3,125,124,,,,,,,
209,3,126,124,,,,,,,
210,3,127,124,,,,,,,
211,3,128,124,,,,,,,
212,3,129,124,,,,,,,
213,3,130,124,,,,,,,
214,3,131,124,,,,,,,
215,3,132,124,,,,,,,
216,3,133,124,,,,,,,
217,3,134,124,,,,,,,
218,3,135,124,,,,,,,
219,3,136,124,,,,,,,
220,3,137,124,,,,,,,
221,3,138,124,,,,,,,
222,3,114,125,,,,,,,
223,3,115,125,,,,,,,
224,3,116,125,,,,,,,
225,3,117,125,,,,,,,
226,3,118,125,,,,,,,
227,3,119,125,,,,,,,
228,3,120,125,,,,,,,
229,3,121,125,,,,,,,
230,3,122,125,,,,,,,
231,3,123,125,,,,,,,
232,3,124,125,,,,,,,
233,3,125,125,,,,,,,
234,3,126,125,,,,,,,
235,3,127,125,,,,,,,
236,3,128,125,,,,,,,
237,3,129,125,,,,,,,
238,3,130,125,,,,,,,
239,3,131,125,,,,,,,
240,3,132,125,,,,,,,
241,3,133,125,,,,,,,
242,3,134,125,,,,,,,
243,3,135,125,,,,,,,
244,3,136,125,,,,,,,
245,3,137,125,,,,,,,
246,3,138,125,,,,,,,
247,3,114,126,,,,,,,
248,3,115,126,,,,,,,
249,3,116,126,,,,,,,
250,3,117,126,,,,,,,
251,3,118,126,,,,,,,
252,3,119,126,,,,,,,
253,3,120,126,,,,,,,
254,3,121,126,,,,,,,
255,3,122,126,,,,,,,
256,3,123,126,,,,,,,
257,3,124,126,,,,,,,
258,3,125,126,,,,,,,
259,3,126,126,,,,,,,
260,3,127,126,,,,,,,
261,3,128,126,,,,,,,
262,3,129,126,,,,,,,
263,3,130,126,,,,,,,
264,3,131,126,,,,,,,
265,3,132,126,,,,,,,
266,3,133,126,,,,,,,
267,3,134,126,,,,,,,
268,3,135,126,,,,,,,
269,3,136,126,,,,,,,
270,3,137,126,,,,,,,
271,3,138,126,,,,,,,
272,3,113,127,,,,,,,
273,3,114,127,,,,,,,
274,3,115,127,,,,,,,
275,3,116,127,,,,,,,
276,3,117,127,,,,,,,
277,3,118,127,,,,,,,
278,3,119,127,,,,,,,
279,3,120,127,,,,,,,
280,3,121,127,,,,,,,
281,3,122,127,,,,,,,
282,3,123,127,,,,,,,
283,3,124,127,,,,,,,
284,3,125,127,,,,,,,
285,3,126,127,,,,,,,
286,3,127,127,,,,,,,
287,3,128,127,,,,,,,
288,3,129,127,,,,,,,
289,3,130,127,,,,,,,
290,3,131,127,,,,,,,
291,3,132,127,,,,,,,
292,3,133,127,,,,,,,
293,3,134,127,,,,,,,
294,3,135,127,,,,,,,
295,3,136,127,,,,,,,
296,3,137,127,,,,,,,
297,3,138,127,,,,,,,
298,3,113,128,,,,,,,
299,3,114,128,,,,,,,
300,3,115,128,,,,,,,
301,3,116,128,,,,,,,
302,3,117,128,,,,,,,
303,3,118,128,,,,,,,
304,3,119,128,,,,,,,
305,3,120,128,,,,,,,
306,3,121,128,,,,,,,
307,3,122,128,,,,,,,
308,3,123,128,,,,,,,
309,3,124,128,,,,,,,
310,3,125,128,,,,,,,
311,3,126,128,,,,,,,
312,3,127,128,,,,,,,
313,3,128,128,,,,,,,
314,3,129,128,,,,,,,
315,3,130,128,,,,,,,
316,3,131,128,,,,,,,
317,3,132,128,,,,,,,
318,3,133,128,,,,,,,
319,3,134,128,,,,,,,
320,3,135,128,,,,,,,
321,3,136,128,,,,,,,
322,3,137,128,,,,,,,
323,3,138,128,,,,,,,
324,3,113,129,,,,,,,
325,3,114,129,,,,,,,
326,3,115,129,,,,,,,
327,3,116,129,,,,,,,
328,3,117,129,,,,,,,
329,3,118,129,,,,,,,
330,3,119,129,,,,,,,
331,3,120,129,,,,,,,
332,3,121,129,,,,,,,
333,3,122,129,,,,,,,
334,3,123,129,,,,,,,
335,3,124,129,,,,,,,
336,3,125,129,,,,,,,
337,3,126,129,,,,,,,
338,3,127,129,,,,,,,
339,3,128,129,,,,,,,
340,3,129,129,,,,,,,
341,3,130,129,,,,,,,
342,3,131,129,,,,,,,
343,3,132,129,,,,,,,
344,3,133,129,,,,,,,
345,3,134,129,,,,,,,
346,3,135,129,,,,,,,
347,3,136,129,,,,,,,
348,3,137,129,,,,,,,
349,3,138,129,,,,,,,
350,3,113,130,,,,,,,
351,3,114,130,,,,,,,
352,3,115,130,,,,,,,
353,3,116,130,,,,,,,
354,3,117,130,,,,,,,
355,3,118,130,,,,,,,
356,3,119,130,,,,,,,
357,3,120,130,,,,,,,
358,3,121,130,,,,,,,
359,3,122,130,,,,,,,
360,3,123,130,,,,,,,
361,3,124,130,,,,,,,
362,3,125,130,,,,,,,
363,3,126,130,,,,,,,
364,3,127,130,,,,,,,
365,3,128,130,,,,,,,
366,3,129,130,,,,,,,
367,3,130,130,,,,,,,
368,3,131,130,,,,,,,
369,3,132,130,,,,,,,
370,3,133,130,,,,,,,
371,3,134,130,,,,,,,
372,3,135,130,,,,,,,
373,3,136,130,,,,,,,
374,3,137,130,,,,,,,
375,3,138,130,,,,,,,
376,3,113,131,,,,,,,
377,3,114,131,,,,,,,
378,3,115,131,,,,,,,
379,3,116,131,,,,,,,
380,3,117,131,,,,,,,
381,3,118,131,,,,,,,
382,3,119,131,,,,,,,
383,3,120,131,,,,,,,
384,3,121,131,,,,,,,
385,3,122,131,,,,,,,
386,3,123,131,,,,,,,
387,3,124,131,,,,,,,
388,3,125,131,,,,,,,
389,3,126,131,,,,,,,
390,3,127,131,,,,,,,
391,3,128,131,,,,,,,
392,3,129,131,,,,,,,
393,3,130,131,,,,,,,
394,3,131,131,,,,,,,
395,3,132,131,,,,,,,
396,3,133,131,,,,,,,
397,3,134,131,,,,,,,
398,3,135,131,,,,,,,
399,3,136,131,,,,,,,
400,3,137,131,,,,,,,
401,3,138,131,,,,,,,
402,3,113,132,,,,,,,
403,3,114,132,,,,,,,
404,3,115,132,,,,,,,
405,3,116,132,,,,,,,
406,3,117,132,,,,,,,
407,3,118,132,,,,,,,
408,3,119,132,,,,,,,
409,3,120,132,,,,,,,
410,3,121,132,,,,,,,
411,3,122,132,,,,,,,
412,3,123,132,,,,,,,
413,3,124,132,,,,,,,
414,3,125,132,,,,,,,
415,3,126,132,,,,,,,
416,3,127,132,,,,,,,
417,3,128,132,,,,,,,
418,3,129,132,,,,,,,
419,3,130,132,,,,,,,
420,3,131,132,,,,,,,
421,3,132,132,,,,,,,
422,3,133,132,,,,,,,
423,3,134,132,,,,,,,
424,3,135,132,,,,,,,
425,3,136,132,,,,,,,
426,3,137,132,,,,,,,
427,3,138,132,,,,,,,
428,3,113,133,,,,,,,
429,3,114,133,,,,,,,
430,3,115,133,,,,,,,
431,3,116,133,,,,,,,
432,3,117,133,,,,,,,
433,3,118,133,,,,,,,
434,3,119,133,,,,,,,
435,3,120,133,,,,,,,
436,3,121,133,,,,,,,
437,3,122,133,,,,,,,
438,3,123,133,,,,,,,
439,3,124,133,,,,,,,
440,3,125,133,,,,,,,
441,3,126,133,,,,,,,
442,3,127,133,,,,,,,
443,3,128,133,,,,,,,
444,3,129,133,,,,,,,
445,3,130,133,,,,,,,
446,3,131,133,,,,,,,
447,3,132,133,,,,,,,
448,3,133,133,,,,,,,
449,3,134,133,,,,,,,
450,3,135,133,,,,,,,
451,3,136,133,,,,,,,
452,3,137,133,,,,,,,
453,3,113,134,,,,,,,
454,3,114,134,,,,,,,
455,3,115,134,,,,,,,
456,3,116,134,,,,,,,
457,3,117,134,,,,,,,
458,3,118,134,,,,,,,
459,3,119,134,,,,,,,
460,3,120,134,,,,,,,
461,3,121,134,,,,,,,
462,3,122,134,,,,,,,
463,3,123,134,,,,,,,
464,3,124,134,,,,,,,
465,3,125,134,,,,,,,
466,3,126,134,,,,,,,
467,3,127,134,,,,,,,
468,3,128,134,,,,,,,
469,3,129,134,,,,,,,
470,3,130,134,,,,,,,
471,3,131,134,,,,,,,
472,3,132,134,,,,,,,
473,3,133,134,,,,,,,
474,3,134,134,,,,,,,
475,3,135,134,,,,,,,
476,3,136,134,,,,,,,
477,3,137,134,,,,,,,
478,3,113,135,,,,,,,
479,3,114,135,,,,,,,
480,3,115,135,,,,,,,
481,3,116,135,,,,,,,
482,3,117,135,,,,,,,
483,3,118,135,,,,,,,
484,3,119,135,,,,,,,
485,3,120,135,,,,,,,
486,3,121,135,,,,,,,
487,3,122,135,,,,,,,
488,3,123,135,,,,,,,
489,3,124,135,,,,,,,
490,3,125,135,,,,,,,
491,3,126,135,,,,,,,
492,3,127,135,,,,,,,
493,3,128,135,,,,,,,
494,3,129,135,,,,,,,
495,3,130,135,,,,,,,
496,3,131,135,,,,,,,
497,3,132,135,,,,,,,
498,3,133,135,,,,,,,
499,3,134,135,,,,,,,
500,3,135,135,,,,,,,
501,3,136,135,,,,,,,
502,3,116,136,,,,,,,
503,3,117,136,,,,,,,
504,3,118,136,,,,,,,
505,3,119,136,,,,,,,
506,3,120,136,,,,,,,
507,3,121,136,,,,,,,
508,3,122,136,,,,,,,
509,3,123,136,,,,,,,
510,3,124,136,,,,,,,
511,3,125,136,,,,,,,
512,3,126,136,,,,,,,
513,3,127,136,,,,,,,
514,3,128,136,,,,,,,
515,3,129,136,,,,,,,
516,3,130,136,,,,,,,
517,3,131,136,,,,,,,
518,3,132,136,,,,,,,
519,3,133,136,,,,,,,
520,3,134,136,,,,,,,
521,3,135,136,,,,,,,
522,3,136,136,,,,,,,
523,3,130,137,,,,,,,
524,3,131,137,,,,,,,
525,3,132,137,,,,,,,
526,3,133,137,,,,,,,
527,3,134,137,,,,,,,
528,3,135,137,,,,,,,
529,3,136,137,,,,,,,
0,4,122,85,142.0,107.0,right down,132.0,95.0,462.0,90.14213538169861
1,4,123,85,119.0,105.0,left down,,,,
2,4,124,85,122.0,85.0,left up,,,,
3,4,125,85,145.0,87.0,right up,,,,
4,4,126,85,,,,,,,
5,4,127,85,,,,,,,
6,4,128,85,,,,,,,
7,4,129,85,,,,,,,
8,4,130,85,,,,,,,
9,4,131,85,,,,,,,
10,4,122,86,,,,,,,
11,4,123,86,,,,,,,
12,4,124,86,,,,,,,
13,4,125,86,,,,,,,
14,4,126,86,,,,,,,
15,4,127,86,,,,,,,
16,4,128,86,,,,,,,
17,4,129,86,,,,,,,
18,4,130,86,,,,,,,
19,4,131,86,,,,,,,
20,4,132,86,,,,,,,
21,4,133,86,,,,,,,
22,4,134,86,,,,,,,
23,4,135,86,,,,,,,
24,4,122,87,,,,,,,
25,4,123,87,,,,,,,
26,4,124,87,,,,,,,
27,4,125,87,,,,,,,
28,4,126,87,,,,,,,
29,4,127,87,,,,,,,
30,4,128,87,,,,,,,
31,4,129,87,,,,,,,
32,4,130,87,,,,,,,
33,4,131,87,,,,,,,
34,4,132,87,,,,,,,
35,4,133,87,,,,,,,
36,4,134,87,,,,,,,
37,4,135,87,,,,,,,
38,4,136,87,,,,,,,
39,4,137,87,,,,,,,
40,4,138,87,,,,,,,
41,4,139,87,,,,,,,
42,4,140,87,,,,,,,
43,4,141,87,,,,,,,
44,4,142,87,,,,,,,
45,4,143,87,,,,,,,
46,4,144,87,,,,,,,
47,4,145,87,,,,,,,
48,4,122,88,,,,,,,
49,4,123,88,,,,,,,
50,4,124,88,,,,,,,
51,4,125,88,,,,,,,
52,4,126,88,,,,,,,
53,4,127,88,,,,,,,
54,4,128,88,,,,,,,
55,4,129,88,,,,,,,
56,4,130,88,,,,,,,
57,4,131,88,,,,,,,
58,4,132,88,,,,,,,
59,4,133,88,,,,,,,
60,4,134,88,,,,,,,
61,4,135,88,,,,,,,
62,4,136,88,,,,,,,
63,4,137,88,,,,,,,
64,4,138,88,,,,,,,
65,4,139,88,,,,,,,
66,4,140,88,,,,,,,
67,4,141,88,,,,,,,
68,4,142,88,,,,,,,
69,4,143,88,,,,,,,
70,4,144,88,,,,,,,
71,4,145,88,,,,,,,
72,4,122,89,,,,,,,
73,4,123,89,,,,,,,
74,4,124,89,,,,,,,
75,4,125,89,,,,,,,
76,4,126,89,,,,,,,
77,4,127,89,,,,,,,
78,4,128,89,,,,,,,
79,4,129,89,,,,,,,
80,4,130,89,,,,,,,
81,4,131,89,,,,,,,
82,4,132,89,,,,,,,
83,4,133,89,,,,,,,
84,4,134,89,,,,,,,
85,4,135,89,,,,,,,
86,4,136,89,,,,,,,
87,4,137,89,,,,,,,
88,4,138,89,,,,,,,
89,4,139,89,,,,,,,
90,4,140,89,,,,,,,
91,4,141,89,,,,,,,
92,4,142,89,,,,,,,
93,4,143,89,,,,,,,
94,4,144,89,,,,,,,
95,4,145,89,,,,,,,
96,4,122,90,,,,,,,
97,4,123,90,,,,,,,
98,4,124,90,,,,,,,
99,4,125,90,,,,,,,
100,4,126,90,,,,,,,
101,4,127,90,,,,,,,
102,4,128,90,,,,,,,
103,4,129,90,,,,,,,
104,4,130,90,,,,,,,
105,4,131,90,,,,,,,
106,4,132,90,,,,,,,
107,4,133,90,,,,,,,
108,4,134,90,,,,,,,
109,4,135,90,,,,,,,
110,4,136,90,,,,,,,
111,4,137,90,,,,,,,
112,4,138,90,,,,,,,
113,4,139,90,,,,,,,
114,4,140,90,,,,,,,
115,4,141,90,,,,,,,
116,4,142,90,,,,,,,
117,4,143,90,,,,,,,
118,4,144,90,,,,,,,
119,4,145,90,,,,,,,
120,4,122,91,,,,,,,
121,4,123,91,,,,,,,
122,4,124,91,,,,,,,
123,4,125,91,,,,,,,
124,4,126,91,,,,,,,
125,4,127,91,,,,,,,
126,4,128,91,,,,,,,
127,4,129,91,,,,,,,
128,4,130,91,,,,,,,
129,4,131,91,,,,,,,
130,4,132,91,,,,,,,
131,4,133,91,,,,,,,
132,4,134,91,,,,,,,
133,4,135,91,,,,,,,
134,4,136,91,,,,,,,
135,4,137,91,,,,,,,
136,4,138,91,,,,,,,
137,4,139,91,,,,,,,
138,4,140,91,,,,,,,
139,4,141,91,,,,,,,
140,4,142,91,,,,,,,
141,4,143,91,,,,,,,
142,4,144,91,,,,,,,
143,4,145,91,,,,,,,
144,4,122,92,,,,,,,
145,4,123,92,,,,,,,
146,4,124,92,,,,,,,
147,4,125,92,,,,,,,
148,4,126,92,,,,,,,
149,4,127,92,,,,,,,
150,4,128,92,,,,,,,
151,4,129,92,,,,,,,
152,4,130,92,,,,,,,
153,4,131,92,,,,,,,
154,4,132,92,,,,,,,
155,4,133,92,,,,,,,
156,4,134,92,,,,,,,
157,4,135,92,,,,,,,
158,4,136,92,,,,,,,
159,4,137,92,,,,,,,
160,4,138,92,,,,,,,
161,4,139,92,,,,,,,
162,4,140,92,,,,,,,
163,4,141,92,,,,,,,
164,4,142,92,,,,,,,
165,4,143,92,,,,,,,
166,4,144,92,,,,,,,
167,4,145,92,,,,,,,
168,4,122,93,,,,,,,
169,4,123,93,,,,,,,
170,4,124,93,,,,,,,
171,4,125,93,,,,,,,
172,4,126,93,,,,,,,
173,4,127,93,,,,,,,
174,4,128,93,,,,,,,
175,4,129,93,,,,,,,
176,4,130,93,,,,,,,
177,4,131,93,,,,,,,
178,4,132,93,,,,,,,
179,4,133,93,,,,,,,
180,4,134,93,,,,,,,
181,4,135,93,,,,,,,
182,4,136,93,,,,,,,
183,4,137,93,,,,,,,
184,4,138,93,,,,,,,
185,4,139,93,,,,,,,
186,4,140,93,,,,,,,
187,4,141,93,,,,,,,
188,4,142,93,,,,,,,
189,4,143,93,,,,,,,
190,4,144,93,,,,,,,
191,4,145,93,,,,,,,
192,4,121,94,,,,,,,
193,4,122,94,,,,,,,
194,4,123,94,,,,,,,
195,4,124,94,,,,,,,
196,4,125,94,,,,,,,
197,4,126,94,,,,,,,
198,4,127,94,,,,,,,
199,4,128,94,,,,,,,
200,4,129,94,,,,,,,
201,4,130,94,,,,,,,
202,4,131,94,,,,,,,
203,4,132,94,,,,,,,
204,4,133,94,,,,,,,
205,4,134,94,,,,,,,
206,4,135,94,,,,,,,
207,4,136,94,,,,,,,
208,4,137,94,,,,,,,
209,4,138,94,,,,,,,
210,4,139,94,,,,,,,
211,4,140,94,,,,,,,
212,4,141,94,,,,,,,
213,4,142,94,,,,,,,
214,4,143,94,,,,,,,
215,4,144,94,,,,,,,
216,4,145,94,,,,,,,
217,4,121,95,,,,,,,
218,4,122,95,,,,,,,
219,4,123,95,,,,,,,
220,4,124,95,,,,,,,
221,4,125,95,,,,,,,
222,4,126,95,,,,,,,
223,4,127,95,,,,,,,
224,4,128,95,,,,,,,
225,4,129,95,,,,,,,
226,4,130,95,,,,,,,
227,4,131,95,,,,,,,
228,4,132,95,,,,,,,
229,4,133,95,,,,,,,
230,4,134,95,,,,,,,
231,4,135,95,,,,,,,
232,4,136,95,,,,,,,
233,4,137,95,,,,,,,
234,4,138,95,,,,,,,
235,4,139,95,,,,,,,
236,4,140,95,,,,,,,
237,4,141,95,,,,,,,
238,4,142,95,,,,,,,
239,4,143,95,,,,,,,
240,4,144,95,,,,,,,
241,4,120,96,,,,,,,
242,4,121,96,,,,,,,
243,4,122,96,,,,,,,
244,4,123,96,,,,,,,
245,4,124,96,,,,,,,
246,4,125,96,,,,,,,
247,4,126,96,,,,,,,
248,4,127,96,,,,,,,
249,4,128,96,,,,,,,
250,4,129,96,,,,,,,
251,4,130,96,,,,,,,
252,4,131,96,,,,,,,
253,4,132,96,,,,,,,
254,4,133,96,,,,,,,
255,4,134,96,,,,,,,
256,4,135,96,,,,,,,
257,4,136,96,,,,,,,
258,4,137,96,,,,,,,
259,4,138,96,,,,,,,
260,4,139,96,,,,,,,
261,4,140,96,,,,,,,
262,4,141,96,,,,,,,
263,4,142,96,,,,,,,
264,4,143,96,,,,,,,
265,4,144,96,,,,,,,
266,4,120,97,,,,,,,
267,4,121,97,,,,,,,
268,4,122,97,,,,,,,
269,4,123,97,,,,,,,
270,4,124,97,,,,,,,
271,4,125,97,,,,,,,
272,4,126,97,,,,,,,
273,4,127,97,,,,,,,
274,4,128,97,,,,,,,
275,4,129,97,,,,,,,
276,4,130,97,,,,,,,
277,4,131,97,,,,,,,
278,4,132,97,,,,,,,
279,4,133,97,,,,,,,
280,4,134,97,,,,,,,
281,4,135,97,,,,,,,
282,4,136,97,,,,,,,
283,4,137,97,,,,,,,
284,4,138,97,,,,,,,
285,4,139,97,,,,,,,
286,4,140,97,,,,,,,
287,4,141,97,,,,,,,
288,4,142,97,,,,,,,
289,4,143,97,,,,,,,
290,4,120,98,,,,,,,
291,4,121,98,,,,,,,
292,4,122,98,,,,,,,
293,4,123,98,,,,,,,
294,4,124,98,,,,,,,
295,4,125,98,,,,,,,
296,4,126,98,,,,,,,
297,4,127,98,,,,,,,
298,4,128,98,,,,,,,
299,4,129,98,,,,,,,
300,4,130,98,,,,,,,
301,4,131,98,,,,,,,
302,4,132,98,,,,,,,
303,4,133,98,,,,,,,
304,4,134,98,,,,,,,
305,4,135,98,,,,,,,
306,4,136,98,,,,,,,
307,4,137,98,,,,,,,
308,4,138,98,,,,,,,
309,4,139,98,,,,,,,
310,4,140,98,,,,,,,
311,4,141,98,,,,,,,
312,4,142,98,,,,,,,
313,4,143,98,,,,,,,
314,4,119,99,,,,,,,
315,4,120,99,,,,,,,
316,4,121,99,,,,,,,
317,4,122,99,,,,,,,
318,4,123,99,,,,,,,
319,4,124,99,,,,,,,
320,4,125,99,,,,,,,
321,4,126,99,,,,,,,
322,4,127,99,,,,,,,
323,4,128,99,,,,,,,
324,4,129,99,,,,,,,
325,4,130,99,,,,,,,
326,4,131,99,,,,,,,
327,4,132,99,,,,,,,
328,4,133,99,,,,,,,
329,4,134,99,,,,,,,
330,4,135,99,,,,,,,
331,4,136,99,,,,,,,
332,4,137,99,,,,,,,
333,4,138,99,,,,,,,
334,4,139,99,,,,,,,
335,4,140,99,,,,,,,
336,4,141,99,,,,,,,
337,4,142,99,,,,,,,
338,4,143,99,,,,,,,
339,4,119,100,,,,,,,
340,4,120,100,,,,,,,
341,4,121,100,,,,,,,
342,4,122,100,,,,,,,
343,4,123,100,,,,,,,
344,4,124,100,,,,,,,
345,4,125,100,,,,,,,
346,4,126,100,,,,,,,
347,4,127,100,,,,,,,
348,4,128,100,,,,,,,
349,4,129,100,,,,,,,
350,4,130,100,,,,,,,
351,4,131,100,,,,,,,
352,4,132,100,,,,,,,
353,4,133,100,,,,,,,
354,4,134,100,,,,,,,
355,4,135,100,,,,,,,
356,4,136,100,,,,,,,
357,4,137,100,,,,,,,
358,4,138,100,,,,,,,
359,4,139,100,,,,,,,
360,4,140,100,,,,,,,
361,4,141,100,,,,,,,
362,4,142,100,,,,,,,
363,4,143,100,,,,,,,
364,4,119,101,,,,,,,
365,4,120,101,,,,,,,
366,4,121,101,,,,,,,
367,4,122,101,,,,,,,
368,4,123,101,,,,,,,
369,4,124,101,,,,,,,
370,4,125,101,,,,,,,
371,4,126,101,,,,,,,
372,4,127,101,,,,,,,
373,4,128,101,,,,,,,
374,4,129,101,,,,,,,
375,4,130,101,,,,,,,
376,4,131,101,,,,,,,
377,4,132,101,,,,,,,
378,4,133,101,,,,,,,
379,4,134,101,,,,,,,
380,4,135,101,,,,,,,
381,4,136,101,,,,,,,
382,4,137,101,,,,,,,
383,4,138,101,,,,,,,
384,4,139,101,,,,,,,
385,4,140,101,,,,,,,
386,4,141,101,,,,,,,
387,4,142,101,,,,,,,
388,4,143,101,,,,,,,
389,4,119,102,,,,,,,
390,4,120,102,,,,,,,
391,4,121,102,,,,,,,
392,4,122,102,,,,,,,
393,4,123,102,,,,,,,
394,4,124,102,,,,,,,
395,4,125,102,,,,,,,
396,4,126,102,,,,,,,
397,4,127,102,,,,,,,
398,4,128,102,,,,,,,
399,4,129,102,,,,,,,
400,4,130,102,,,,,,,
401,4,131,102,,,,,,,
402,4,132,102,,,,,,,
403,4,133,102,,,,,,,
404,4,134,102,,,,,,,
405,4,135,102,,,,,,,
406,4,136,102,,,,,,,
407,4,137,102,,,,,,,
408,4,138,102,,,,,,,
409,4,139,102,,,,,,,
410,4,140,102,,,,,,,
411,4,141,102,,,,,,,
412,4,142,102,,,,,,,
413,4,143,102,,,,,,,
414,4,119,103,,,,,,,
415,4,120,103,,,,,,,
416,4,121,103,,,,,,,
417,4,122,103,,,,,,,
418,4,123,103,,,,,,,
419,4,124,103,,,,,,,
420,4,125,103,,,,,,,
421,4,126,103,,,,,,,
422,4,127,103,,,,,,,
423,4,128,103,,,,,,,
424,4,129,103,,,,,,,
425,4,130,103,,,,,,,
426,4,131,103,,,,,,,
427,4,132,103,,,,,,,
428,4,133,103,,,,,,,
429,4,134,103,,,,,,,
430,4,135,103,,,,,,,
431,4,136,103,,,,,,,
432,4,137,103,,,,,,,
433,4,138,103,,,,,,,
434,4,139,103,,,,,,,
435,4,140,103,,,,,,,
436,4,141,103,,,,,,,
437,4,142,103,,,,,,,
438,4,143,103,,,,,,,
439,4,119,104,,,,,,,
440,4,120,104,,,,,,,
441,4,121,104,,,,,,,
442,4,122,104,,,,,,,
443,4,123,104,,,,,,,
444,4,124,104,,,,,,,
445,4,125,104,,,,,,,
446,4,126,104,,,,,,,
447,4,127,104,,,,,,,
448,4,128,104,,,,,,,
449,4,129,104,,,,,,,
450,4,130,104,,,,,,,
451,4,131,104,,,,,,,
452,4,132,104,,,,,,,
453,4,133,104,,,,,,,
454,4,134,104,,,,,,,
455,4,135,104,,,,,,,
456,4,136,104,,,,,,,
457,4,137,104,,,,,,,
458,4,138,104,,,,,,,
459,4,139,104,,,,,,,
460,4,140,104,,,,,,,
461,4,141,104,,,,,,,
462,4,142,104,,,,,,,
463,4,143,104,,,,,,,
464,4,119,105,,,,,,,
465,4,120,105,,,,,,,
466,4,121,105,,,,,,,
467,4,122,105,,,,,,,
468,4,123,105,,,,,,,
469,4,124,105,,,,,,,
470,4,125,105,,,,,,,
471,4,126,105,,,,,,,
472,4,127,105,,,,,,,
473,4,128,105,,,,,,,
474,4,129,105,,,,,,,
475,4,130,105,,,,,,,
476,4,131,105,,,,,,,
477,4,132,105,,,,,,,
478,4,133,105,,,,,,,
479,4,134,105,,,,,,,
480,4,135,105,,,,,,,
481,4,136,105,,,,,,,
482,4,137,105,,,,,,,
483,4,138,105,,,,,,,
484,4,139,105,,,,,,,
485,4,140,105,,,,,,,
486,4,141,105,,,,,,,
487,4,142,105,,,,,,,
488,4,143,105,,,,,,,
489,4,133,106,,,,,,,
490,4,134,106,,,,,,,
491,4,135,106,,,,,,,
492,4,136,106,,,,,,,
493,4,137,106,,,,,,,
494,4,138,106,,,,,,,
495,4,139,106,,,,,,,
496,4,140,106,,,,,,,
497,4,141,106,,,,,,,
498,4,142,106,,,,,,,
499,4,136,107,,,,,,,
500,4,137,107,,,,,,,
501,4,138,107,,,,,,,
502,4,139,107,,,,,,,
503,4,140,107,,,,,,,
504,4,141,107,,,,,,,
505,4,142,107,,,,,,,
0,5,129,57,127.0,76.0,left down,138.0,67.0,510.0,90.97056245803833
1,5,130,57,126.0,58.0,left up,,,,
2,5,131,57,151.0,58.0,right up,,,,
3,5,132,57,149.0,78.0,right down,,,,
4,5,133,57,,,,,,,
5,5,134,57,,,,,,,
6,5,135,57,,,,,,,
7,5,136,57,,,,,,,
8,5,137,57,,,,,,,
9,5,138,57,,,,,,,
10,5,139,57,,,,,,,
11,5,140,57,,,,,,,
12,5,141,57,,,,,,,
13,5,142,57,,,,,,,
14,5,143,57,,,,,,,
15,5,126,58,,,,,,,
16,5,127,58,,,,,,,
17,5,128,58,,,,,,,
18,5,129,58,,,,,,,
19,5,130,58,,,,,,,
20,5,131,58,,,,,,,
21,5,132,58,,,,,,,
22,5,133,58,,,,,,,
23,5,134,58,,,,,,,
24,5,135,58,,,,,,,
25,5,136,58,,,,,,,
26,5,137,58,,,,,,,
27,5,138,58,,,,,,,
28,5,139,58,,,,,,,
29,5,140,58,,,,,,,
30,5,141,58,,,,,,,
31,5,142,58,,,,,,,
32,5,143,58,,,,,,,
33,5,144,58,,,,,,,
34,5,145,58,,,,,,,
35,5,146,58,,,,,,,
36,5,147,58,,,,,,,
37,5,148,58,,,,,,,
38,5,149,58,,,,,,,
39,5,150,58,,,,,,,
40,5,151,58,,,,,,,
41,5,125,59,,,,,,,
42,5,126,59,,,,,,,
43,5,127,59,,,,,,,
44,5,128,59,,,,,,,
45,5,129,59,,,,,,,
46,5,130,59,,,,,,,
47,5,131,59,,,,,,,
48,5,132,59,,,,,,,
49,5,133,59,,,,,,,
50,5,134,59,,,,,,,
51,5,135,59,,,,,,,
52,5,136,59,,,,,,,
53,5,137,59,,,,,,,
54,5,138,59,,,,,,,
55,5,139,59,,,,,,,
56,5,140,59,,,,,,,
57,5,141,59,,,,,,,
58,5,142,59,,,,,,,
59,5,143,59,,,,,,,
60,5,144,59,,,,,,,
61,5,145,59,,,,,,,
62,5,146,59,,,,,,,
63,5,147,59,,,,,,,
64,5,148,59,,,,,,,
65,5,149,59,,,,,,,
66,5,150,59,,,,,,,
67,5,151,59,,,,,,,
68,5,125,60,,,,,,,
69,5,126,60,,,,,,,
70,5,127,60,,,,,,,
71,5,128,60,,,,,,,
72,5,129,60,,,,,,,
73,5,130,60,,,,,,,
74,5,131,60,,,,,,,
75,5,132,60,,,,,,,
76,5,133,60,,,,,,,
77,5,134,60,,,,,,,
78,5,135,60,,,,,,,
79,5,136,60,,,,,,,
80,5,137,60,,,,,,,
81,5,138,60,,,,,,,
82,5,139,60,,,,,,,
83,5,140,60,,,,,,,
84,5,141,60,,,,,,,
85,5,142,60,,,,,,,
86,5,143,60,,,,,,,
87,5,144,60,,,,,,,
88,5,145,60,,,,,,,
89,5,146,60,,,,,,,
90,5,147,60,,,,,,,
91,5,148,60,,,,,,,
92,5,149,60,,,,,,,
93,5,150,60,,,,,,,
94,5,151,60,,,,,,,
95,5,125,61,,,,,,,
96,5,126,61,,,,,,,
97,5,127,61,,,,,,,
98,5,128,61,,,,,,,
99,5,129,61,,,,,,,
100,5,130,61,,,,,,,
101,5,131,61,,,,,,,
102,5,132,61,,,,,,,
103,5,133,61,,,,,,,
104,5,134,61,,,,,,,
105,5,135,61,,,,,,,
106,5,136,61,,,,,,,
107,5,137,61,,,,,,,
108,5,138,61,,,,,,,
109,5,139,61,,,,,,,
110,5,140,61,,,,,,,
111,5,141,61,,,,,,,
112,5,142,61,,,,,,,
113,5,143,61,,,,,,,
114,5,144,61,,,,,,,
115,5,145,61,,,,,,,
116,5,146,61,,,,,,,
117,5,147,61,,,,,,,
118,5,148,61,,,,,,,
119,5,149,61,,,,,,,
120,5,150,61,,,,,,,
121,5,151,61,,,,,,,
122,5,125,62,,,,,,,
123,5,126,62,,,,,,,
124,5,127,62,,,,,,,
125,5,128,62,,,,,,,
126,5,129,62,,,,,,,
127,5,130,62,,,,,,,
128,5,131,62,,,,,,,
129,5,132,62,,,,,,,
130,5,133,62,,,,,,,
131,5,134,62,,,,,,,
132,5,135,62,,,,,,,
133,5,136,62,,,,,,,
134,5,137,62,,,,,,,
135,5,138,62,,,,,,,
136,5,139,62,,,,,,,
137,5,140,62,,,,,,,
138,5,141,62,,,,,,,
139,5,142,62,,,,,,,
140,5,143,62,,,,,,,
141,5,144,62,,,,,,,
142,5,145,62,,,,,,,
143,5,146,62,,,,,,,
144,5,147,62,,,,,,,
145,5,148,62,,,,,,,
146,5,149,62,,,,,,,
147,5,150,62,,,,,,,
148,5,151,62,,,,,,,
149,5,125,63,,,,,,,
150,5,126,63,,,,,,,
151,5,127,63,,,,,,,
152,5,128,63,,,,,,,
153,5,129,63,,,,,,,
154,5,130,63,,,,,,,
155,5,131,63,,,,,,,
156,5,132,63,,,,,,,
157,5,133,63,,,,,,,
158,5,134,63,,,,,,,
159,5,135,63,,,,,,,
160,5,136,63,,,,,,,
161,5,137,63,,,,,,,
162,5,138,63,,,,,,,
163,5,139,63,,,,,,,
164,5,140,63,,,,,,,
165,5,141,63,,,,,,,
166,5,142,63,,,,,,,
167,5,143,63,,,,,,,
168,5,144,63,,,,,,,
169,5,145,63,,,,,,,
170,5,146,63,,,,,,,
171,5,147,63,,,,,,,
172,5,148,63,,,,,,,
173,5,149,63,,,,,,,
174,5,150,63,,,,,,,
175,5,151,63,,,,,,,
176,5,125,64,,,,,,,
177,5,126,64,,,,,,,
178,5,127,64,,,,,,,
179,5,128,64,,,,,,,
180,5,129,64,,,,,,,
181,5,130,64,,,,,,,
182,5,131,64,,,,,,,
183,5,132,64,,,,,,,
184,5,133,64,,,,,,,
185,5,134,64,,,,,,,
186,5,135,64,,,,,,,
187,5,136,64,,,,,,,
188,5,137,64,,,,,,,
189,5,138,64,,,,,,,
190,5,139,64,,,,,,,
191,5,140,64,,,,,,,
192,5,141,64,,,,,,,
193,5,142,64,,,,,,,
194,5,143,64,,,,,,,
195,5,144,64,,,,,,,
196,5,145,64,,,,,,,
197,5,146,64,,,,,,,
198,5,147,64,,,,,,,
199,5,148,64,,,,,,,
200,5,149,64,,,,,,,
201,5,150,64,,,,,,,
202,5,151,64,,,,,,,
203,5,125,65,,,,,,,
204,5,126,65,,,,,,,
205,5,127,65,,,,,,,
206,5,128,65,,,,,,,
207,5,129,65,,,,,,,
208,5,130,65,,,,,,,
209,5,131,65,,,,,,,
210,5,132,65,,,,,,,
211,5,133,65,,,,,,,
212,5,134,65,,,,,,,
213,5,135,65,,,,,,,
214,5,136,65,,,,,,,
215,5,137,65,,,,,,,
216,5,138,65,,,,,,,
217,5,139,65,,,,,,,
218,5,140,65,,,,,,,
219,5,141,65,,,,,,,
220,5,142,65,,,,,,,
221,5,143,65,,,,,,,
222,5,144,65,,,,,,,
223,5,145,65,,,,,,,
224,5,146,65,,,,,,,
225,5,147,65,,,,,,,
226,5,148,65,,,,,,,
227,5,149,65,,,,,,,
228,5,150,65,,,,,,,
229,5,151,65,,,,,,,
230,5,125,66,,,,,,,
231,5,126,66,,,,,,,
232,5,127,66,,,,,,,
233,5,128,66,,,,,,,
234,5,129,66,,,,,,,
235,5,130,66,,,,,,,
236,5,131,66,,,,,,,
237,5,132,66,,,,,,,
238,5,133,66,,,,,,,
239,5,134,66,,,,,,,
240,5,135,66,,,,,,,
241,5,136,66,,,,,,,
242,5,137,66,,,,,,,
243,5,138,66,,,,,,,
244,5,139,66,,,,,,,
245,5,140,66,,,,,,,
246,5,141,66,,,,,,,
247,5,142,66,,,,,,,
248,5,143,66,,,,,,,
249,5,144,66,,,,,,,
250,5,145,66,,,,,,,
251,5,146,66,,,,,,,
252,5,147,66,,,,,,,
253,5,148,66,,,,,,,
254,5,149,66,,,,,,,
255,5,150,66,,,,,,,
256,5,151,66,,,,,,,
257,5,125,67,,,,,,,
258,5,126,67,,,,,,,
259,5,127,67,,,,,,,
260,5,128,67,,,,,,,
261,5,129,67,,,,,,,
262,5,130,67,,,,,,,
263,5,131,67,,,,,,,
264,5,132,67,,,,,,,
265,5,133,67,,,,,,,
266,5,134,67,,,,,,,
267,5,135,67,,,,,,,
268,5,136,67,,,,,,,
269,5,137,67,,,,,,,
270,5,138,67,,,,,,,
271,5,139,67,,,,,,,
272,5,140,67,,,,,,,
273,5,141,67,,,,,,,
274,5,142,67,,,,,,,
275,5,143,67,,,,,,,
276,5,144,67,,,,,,,
277,5,145,67,,,,,,,
278,5,146,67,,,,,,,
279,5,147,67,,,,,,,
280,5,148,67,,,,,,,
281,5,149,67,,,,,,,
282,5,150,67,,,,,,,
283,5,151,67,,,,,,,
284,5,125,68,,,,,,,
285,5,126,68,,,,,,,
286,5,127,68,,,,,,,
287,5,128,68,,,,,,,
288,5,129,68,,,,,,,
289,5,130,68,,,,,,,
290,5,131,68,,,,,,,
291,5,132,68,,,,,,,
292,5,133,68,,,,,,,
293,5,134,68,,,,,,,
294,5,135,68,,,,,,,
295,5,136,68,,,,,,,
296,5,137,68,,,,,,,
297,5,138,68,,,,,,,
298,5,139,68,,,,,,,
299,5,140,68,,,,,,,
300,5,141,68,,,,,,,
301,5,142,68,,,,,,,
302,5,143,68,,,,,,,
303,5,144,68,,,,,,,
304,5,145,68,,,,,,,
305,5,146,68,,,,,,,
306,5,147,68,,,,,,,
307,5,148,68,,,,,,,
308,5,149,68,,,,,,,
309,5,150,68,,,,,,,
310,5,125,69,,,,,,,
311,5,126,69,,,,,,,
312,5,127,69,,,,,,,
313,5,128,69,,,,,,,
314,5,129,69,,,,,,,
315,5,130,69,,,,,,,
316,5,131,69,,,,,,,
317,5,132,69,,,,,,,
318,5,133,69,,,,,,,
319,5,134,69,,,,,,,
320,5,135,69,,,,,,,
321,5,136,69,,,,,,,
322,5,137,69,,,,,,,
323,5,138,69,,,,,,,
324,5,139,69,,,,,,,
325,5,140,69,,,,,,,
326,5,141,69,,,,,,,
327,5,142,69,,,,,,,
328,5,143,69,,,,,,,
329,5,144,69,,,,,,,
330,5,145,69,,,,,,,
331,5,146,69,,,,,,,
332,5,147,69,,,,,,,
333,5,148,69,,,,,,,
334,5,149,69,,,,,,,
335,5,150,69,,,,,,,
336,5,125,70,,,,,,,
337,5,126,70,,,,,,,
338,5,127,70,,,,,,,
339,5,128,70,,,,,,,
340,5,129,70,,,,,,,
341,5,130,70,,,,,,,
342,5,131,70,,,,,,,
343,5,132,70,,,,,,,
344,5,133,70,,,,,,,
345,5,134,70,,,,,,,
346,5,135,70,,,,,,,
347,5,136,70,,,,,,,
348,5,137,70,,,,,,,
349,5,138,70,,,,,,,
350,5,139,70,,,,,,,
351,5,140,70,,,,,,,
352,5,141,70,,,,,,,
353,5,142,70,,,,,,,
354,5,143,70,,,,,,,
355,5,144,70,,,,,,,
356,5,145,70,,,,,,,
357,5,146,70,,,,,,,
358,5,147,70,,,,,,,
359,5,148,70,,,,,,,
360,5,149,70,,,,,,,
361,5,126,71,,,,,,,
362,5,127,71,,,,,,,
363,5,128,71,,,,,,,
364,5,129,71,,,,,,,
365,5,130,71,,,,,,,
366,5,131,71,,,,,,,
367,5,132,71,,,,,,,
368,5,133,71,,,,,,,
369,5,134,71,,,,,,,
370,5,135,71,,,,,,,
371,5,136,71,,,,,,,
372,5,137,71,,,,,,,
373,5,138,71,,,,,,,
374,5,139,71,,,,,,,
375,5,140,71,,,,,,,
376,5,141,71,,,,,,,
377,5,142,71,,,,,,,
378,5,143,71,,,,,,,
379,5,144,71,,,,,,,
380,5,145,71,,,,,,,
381,5,146,71,,,,,,,
382,5,147,71,,,,,,,
383,5,148,71,,,,,,,
384,5,149,71,,,,,,,
385,5,126,72,,,,,,,
386,5,127,72,,,,,,,
387,5,128,72,,,,,,,
388,5,129,72,,,,,,,
389,5,130,72,,,,,,,
390,5,131,72,,,,,,,
391,5,132,72,,,,,,,
392,5,133,72,,,,,,,
393,5,134,72,,,,,,,
394,5,135,72,,,,,,,
395,5,136,72,,,,,,,
396,5,137,72,,,,,,,
397,5,138,72,,,,,,,
398,5,139,72,,,,,,,
399,5,140,72,,,,,,,
400,5,141,72,,,,,,,
401,5,142,72,,,,,,,
402,5,143,72,,,,,,,
403,5,144,72,,,,,,,
404,5,145,72,,,,,,,
405,5,146,72,,,,,,,
406,5,147,72,,,,,,,
407,5,148,72,,,,,,,
408,5,149,72,,,,,,,
409,5,126,73,,,,,,,
410,5,127,73,,,,,,,
411,5,128,73,,,,,,,
412,5,129,73,,,,,,,
413,5,130,73,,,,,,,
414,5,131,73,,,,,,,
415,5,132,73,,,,,,,
416,5,133,73,,,,,,,
417,5,134,73,,,,,,,
418,5,135,73,,,,,,,
419,5,136,73,,,,,,,
420,5,137,73,,,,,,,
421,5,138,73,,,,,,,
422,5,139,73,,,,,,,
423,5,140,73,,,,,,,
424,5,141,73,,,,,,,
425,5,142,73,,,,,,,
426,5,143,73,,,,,,,
427,5,144,73,,,,,,,
428,5,145,73,,,,,,,
429,5,146,73,,,,,,,
430,5,147,73,,,,,,,
431,5,148,73,,,,,,,
432,5,149,73,,,,,,,
433,5,126,74,,,,,,,
434,5,127,74,,,,,,,
435,5,128,74,,,,,,,
436,5,129,74,,,,,,,
437,5,130,74,,,,,,,
438,5,131,74,,,,,,,
439,5,132,74,,,,,,,
440,5,133,74,,,,,,,
441,5,134,74,,,,,,,
442,5,135,74,,,,,,,
443,5,136,74,,,,,,,
444,5,137,74,,,,,,,
445,5,138,74,,,,,,,
446,5,139,74,,,,,,,
447,5,140,74,,,,,,,
448,5,141,74,,,,,,,
449,5,142,74,,,,,,,
450,5,143,74,,,,,,,
451,5,144,74,,,,,,,
452,5,145,74,,,,,,,
453,5,146,74,,,,,,,
454,5,147,74,,,,,,,
455,5,148,74,,,,,,,
456,5,149,74,,,,,,,
457,5,126,75,,,,,,,
458,5,127,75,,,,,,,
459,5,128,75,,,,,,,
460,5,129,75,,,,,,,
461,5,130,75,,,,,,,
462,5,131,75,,,,,,,
463,5,132,75,,,,,,,
464,5,133,75,,,,,,,
465,5,134,75,,,,,,,
466,5,135,75,,,,,,,
467,5,136,75,,,,,,,
468,5,137,75,,,,,,,
469,5,138,75,,,,,,,
470,5,139,75,,,,,,,
471,5,140,75,,,,,,,
472,5,141,75,,,,,,,
473,5,142,75,,,,,,,
474,5,143,75,,,,,,,
475,5,144,75,,,,,,,
476,5,145,75,,,,,,,
477,5,146,75,,,,,,,
478,5,147,75,,,,,,,
479,5,148,75,,,,,,,
480,5,149,75,,,,,,,
481,5,127,76,,,,,,,
482,5,128,76,,,,,,,
483,5,129,76,,,,,,,
484,5,130,76,,,,,,,
485,5,131,76,,,,,,,
486,5,132,76,,,,,,,
487,5,133,76,,,,,,,
488,5,134,76,,,,,,,
489,5,135,76,,,,,,,
490,5,136,76,,,,,,,
491,5,137,76,,,,,,,
492,5,138,76,,,,,,,
493,5,139,76,,,,,,,
494,5,140,76,,,,,,,
495,5,141,76,,,,,,,
496,5,142,76,,,,,,,
497,5,143,76,,,,,,,
498,5,144,76,,,,,,,
499,5,145,76,,,,,,,
500,5,146,76,,,,,,,
501,5,147,76,,,,,,,
502,5,148,76,,,,,,,
503,5,149,76,,,,,,,
504,5,130,77,,,,,,,
505,5,131,77,,,,,,,
506,5,132,77,,,,,,,
507,5,133,77,,,,,,,
508,5,134,77,,,,,,,
509,5,135,77,,,,,,,
510,5,136,77,,,,,,,
511,5,137,77,,,,,,,
512,5,138,77,,,,,,,
513,5,139,77,,,,,,,
514,5,140,77,,,,,,,
515,5,141,77,,,,,,,
516,5,142,77,,,,,,,
517,5,143,77,,,,,,,
518,5,144,77,,,,,,,
519,5,145,77,,,,,,,
520,5,146,77,,,,,,,
521,5,147,77,,,,,,,
522,5,148,77,,,,,,,
523,5,149,77,,,,,,,
524,5,136,78,,,,,,,
525,5,137,78,,,,,,,
526,5,138,78,,,,,,,
527,5,139,78,,,,,,,
528,5,140,78,,,,,,,
529,5,141,78,,,,,,,
530,5,142,78,,,,,,,
531,5,143,78,,,,,,,
532,5,144,78,,,,,,,
533,5,145,78,,,,,,,
534,5,146,78,,,,,,,
535,5,147,78,,,,,,,
536,5,148,78,,,,,,,
537,5,149,78,,,,,,,
538,5,140,79,,,,,,,
539,5,141,79,,,,,,,
540,5,142,79,,,,,,,
541,5,143,79,,,,,,,
542,5,144,79,,,,,,,
543,5,145,79,,,,,,,
544,5,146,79,,,,,,,
545,5,147,79,,,,,,,
546,5,148,79,,,,,,,
547,5,142,80,,,,,,,
548,5,143,80,,,,,,,
549,5,144,80,,,,,,,
550,5,145,80,,,,,,,
551,5,146,80,,,,,,,
552,5,147,80,,,,,,,
553,5,148,80,,,,,,,
0,6,134,31,131.0,49.0,left down,143.0,41.0,505.5,93.55634891986847
1,6,135,31,134.0,31.0,left up,,,,
2,6,136,31,157.0,32.0,right up,,,,
3,6,137,31,154.0,52.0,right down,,,,
4,6,138,31,,,,,,,
5,6,139,31,,,,,,,
6,6,140,31,,,,,,,
7,6,141,31,,,,,,,
8,6,142,31,,,,,,,
9,6,143,31,,,,,,,
10,6,144,31,,,,,,,
11,6,145,31,,,,,,,
12,6,146,31,,,,,,,
13,6,147,31,,,,,,,
14,6,148,31,,,,,,,
15,6,149,31,,,,,,,
16,6,150,31,,,,,,,
17,6,151,31,,,,,,,
18,6,152,31,,,,,,,
19,6,153,31,,,,,,,
20,6,154,31,,,,,,,
21,6,155,31,,,,,,,
22,6,134,32,,,,,,,
23,6,135,32,,,,,,,
24,6,136,32,,,,,,,
25,6,137,32,,,,,,,
26,6,138,32,,,,,,,
27,6,139,32,,,,,,,
28,6,140,32,,,,,,,
29,6,141,32,,,,,,,
30,6,142,32,,,,,,,
31,6,143,32,,,,,,,
32,6,144,32,,,,,,,
33,6,145,32,,,,,,,
34,6,146,32,,,,,,,
35,6,147,32,,,,,,,
36,6,148,32,,,,,,,
37,6,149,32,,,,,,,
38,6,150,32,,,,,,,
39,6,151,32,,,,,,,
40,6,152,32,,,,,,,
41,6,153,32,,,,,,,
42,6,154,32,,,,,,,
43,6,155,32,,,,,,,
44,6,156,32,,,,,,,
45,6,157,32,,,,,,,
46,6,134,33,,,,,,,
47,6,135,33,,,,,,,
48,6,136,33,,,,,,,
49,6,137,33,,,,,,,
50,6,138,33,,,,,,,
51,6,139,33,,,,,,,
52,6,140,33,,,,,,,
53,6,141,33,,,,,,,
54,6,142,33,,,,,,,
55,6,143,33,,,,,,,
56,6,144,33,,,,,,,
57,6,145,33,,,,,,,
58,6,146,33,,,,,,,
59,6,147,33,,,,,,,
60,6,148,33,,,,,,,
61,6,149,33,,,,,,,
62,6,150,33,,,,,,,
63,6,151,33,,,,,,,
64,6,152,33,,,,,,,
65,6,153,33,,,,,,,
66,6,154,33,,,,,,,
67,6,155,33,,,,,,,
68,6,156,33,,,,,,,
69,6,157,33,,,,,,,
70,6,134,34,,,,,,,
71,6,135,34,,,,,,,
72,6,136,34,,,,,,,
73,6,137,34,,,,,,,
74,6,138,34,,,,,,,
75,6,139,34,,,,,,,
76,6,140,34,,,,,,,
77,6,141,34,,,,,,,
78,6,142,34,,,,,,,
79,6,143,34,,,,,,,
80,6,144,34,,,,,,,
81,6,145,34,,,,,,,
82,6,146,34,,,,,,,
83,6,147,34,,,,,,,
84,6,148,34,,,,,,,
85,6,149,34,,,,,,,
86,6,150,34,,,,,,,
87,6,151,34,,,,,,,
88,6,152,34,,,,,,,
89,6,153,34,,,,,,,
90,6,154,34,,,,,,,
91,6,155,34,,,,,,,
92,6,156,34,,,,,,,
93,6,157,34,,,,,,,
94,6,134,35,,,,,,,
95,6,135,35,,,,,,,
96,6,136,35,,,,,,,
97,6,137,35,,,,,,,
98,6,138,35,,,,,,,
99,6,139,35,,,,,,,
100,6,140,35,,,,,,,
101,6,141,35,,,,,,,
102,6,142,35,,,,,,,
103,6,143,35,,,,,,,
104,6,144,35,,,,,,,
105,6,145,35,,,,,,,
106,6,146,35,,,,,,,
107,6,147,35,,,,,,,
108,6,148,35,,,,,,,
109,6,149,35,,,,,,,
110,6,150,35,,,,,,,
111,6,151,35,,,,,,,
112,6,152,35,,,,,,,
113,6,153,35,,,,,,,
114,6,154,35,,,,,,,
115,6,155,35,,,,,,,
116,6,156,35,,,,,,,
117,6,157,35,,,,,,,
118,6,134,36,,,,,,,
119,6,135,36,,,,,,,
120,6,136,36,,,,,,,
121,6,137,36,,,,,,,
122,6,138,36,,,,,,,
123,6,139,36,,,,,,,
124,6,140,36,,,,,,,
125,6,141,36,,,,,,,
126,6,142,36,,,,,,,
127,6,143,36,,,,,,,
128,6,144,36,,,,,,,
129,6,145,36,,,,,,,
130,6,146,36,,,,,,,
131,6,147,36,,,,,,,
132,6,148,36,,,,,,,
133,6,149,36,,,,,,,
134,6,150,36,,,,,,,
135,6,151,36,,,,,,,
136,6,152,36,,,,,,,
137,6,153,36,,,,,,,
138,6,154,36,,,,,,,
139,6,155,36,,,,,,,
140,6,156,36,,,,,,,
141,6,157,36,,,,,,,
142,6,129,37,,,,,,,
143,6,130,37,,,,,,,
144,6,131,37,,,,,,,
145,6,132,37,,,,,,,
146,6,133,37,,,,,,,
147,6,134,37,,,,,,,
148,6,135,37,,,,,,,
149,6,136,37,,,,,,,
150,6,137,37,,,,,,,
151,6,138,37,,,,,,,
152,6,139,37,,,,,,,
153,6,140,37,,,,,,,
154,6,141,37,,,,,,,
155,6,142,37,,,,,,,
156,6,143,37,,,,,,,
157,6,144,37,,,,,,,
158,6,145,37,,,,,,,
159,6,146,37,,,,,,,
160,6,147,37,,,,,,,
161,6,148,37,,,,,,,
162,6,149,37,,,,,,,
163,6,150,37,,,,,,,
164,6,151,37,,,,,,,
165,6,152,37,,,,,,,
166,6,153,37,,,,,,,
167,6,154,37,,,,,,,
168,6,155,37,,,,,,,
169,6,156,37,,,,,,,
170,6,157,37,,,,,,,
171,6,129,38,,,,,,,
172,6,130,38,,,,,,,
173,6,131,38,,,,,,,
174,6,132,38,,,,,,,
175,6,133,38,,,,,,,
176,6,134,38,,,,,,,
177,6,135,38,,,,,,,
178,6,136,38,,,,,,,
179,6,137,38,,,,,,,
180,6,138,38,,,,,,,
181,6,139,38,,,,,,,
182,6,140,38,,,,,,,
183,6,141,38,,,,,,,
184,6,142,38,,,,,,,
185,6,143,38,,,,,,,
186,6,144,38,,,,,,,
187,6,145,38,,,,,,,
188,6,146,38,,,,,,,
189,6,147,38,,,,,,,
190,6,148,38,,,,,,,
191,6,149,38,,,,,,,
192,6,150,38,,,,,,,
193,6,151,38,,,,,,,
194,6,152,38,,,,,,,
195,6,153,38,,,,,,,
196,6,154,38,,,,,,,
197,6,155,38,,,,,,,
198,6,156,38,,,,,,,
199,6,157,38,,,,,,,
200,6,129,39,,,,,,,
201,6,130,39,,,,,,,
202,6,131,39,,,,,,,
203,6,132,39,,,,,,,
204,6,133,39,,,,,,,
205,6,134,39,,,,,,,
206,6,135,39,,,,,,,
207,6,136,39,,,,,,,
208,6,137,39,,,,,,,
209,6,138,39,,,,,,,
210,6,139,39,,,,,,,
211,6,140,39,,,,,,,
212,6,141,39,,,,,,,
213,6,142,39,,,,,,,
214,6,143,39,,,,,,,
215,6,144,39,,,,,,,
216,6,145,39,,,,,,,
217,6,146,39,,,,,,,
218,6,147,39,,,,,,,
219,6,148,39,,,,,,,
220,6,149,39,,,,,,,
221,6,150,39,,,,,,,
222,6,151,39,,,,,,,
223,6,152,39,,,,,,,
224,6,153,39,,,,,,,
225,6,154,39,,,,,,,
226,6,155,39,,,,,,,
227,6,156,39,,,,,,,
228,6,157,39,,,,,,,
229,6,129,40,,,,,,,
230,6,130,40,,,,,,,
231,6,131,40,,,,,,,
232,6,132,40,,,,,,,
233,6,133,40,,,,,,,
234,6,134,40,,,,,,,
235,6,135,40,,,,,,,
236,6,136,40,,,,,,,
237,6,137,40,,,,,,,
238,6,138,40,,,,,,,
239,6,139,40,,,,,,,
240,6,140,40,,,,,,,
241,6,141,40,,,,,,,
242,6,142,40,,,,,,,
243,6,143,40,,,,,,,
244,6,144,40,,,,,,,
245,6,145,40,,,,,,,
246,6,146,40,,,,,,,
247,6,147,40,,,,,,,
248,6,148,40,,,,,,,
249,6,149,40,,,,,,,
250,6,150,40,,,,,,,
251,6,151,40,,,,,,,
252,6,152,40,,,,,,,
253,6,153,40,,,,,,,
254,6,154,40,,,,,,,
255,6,155,40,,,,,,,
256,6,156,40,,,,,,,
257,6,157,40,,,,,,,
258,6,129,41,,,,,,,
259,6,130,41,,,,,,,
260,6,131,41,,,,,,,
261,6,132,41,,,,,,,
262,6,133,41,,,,,,,
263,6,134,41,,,,,,,
264,6,135,41,,,,,,,
265,6,136,41,,,,,,,
266,6,137,41,,,,,,,
267,6,138,41,,,,,,,
268,6,139,41,,,,,,,
269,6,140,41,,,,,,,
270,6,141,41,,,,,,,
271,6,142,41,,,,,,,
272,6,143,41,,,,,,,
273,6,144,41,,,,,,,
274,6,145,41,,,,,,,
275,6,146,41,,,,,,,
276,6,147,41,,,,,,,
277,6,148,41,,,,,,,
278,6,149,41,,,,,,,
279,6,150,41,,,,,,,
280,6,151,41,,,,,,,
281,6,152,41,,,,,,,
282,6,153,41,,,,,,,
283,6,154,41,,,,,,,
284,6,155,41,,,,,,,
285,6,156,41,,,,,,,
286,6,129,42,,,,,,,
287,6,130,42,,,,,,,
288,6,131,42,,,,,,,
289,6,132,42,,,,,,,
290,6,133,42,,,,,,,
291,6,134,42,,,,,,,
292,6,135,42,,,,,,,
293,6,136,42,,,,,,,
294,6,137,42,,,,,,,
295,6,138,42,,,,,,,
296,6,139,42,,,,,,,
297,6,140,42,,,,,,,
298,6,141,42,,,,,,,
299,6,142,42,,,,,,,
300,6,143,42,,,,,,,
301,6,144,42,,,,,,,
302,6,145,42,,,,,,,
303,6,146,42,,,,,,,
304,6,147,42,,,,,,,
305,6,148,42,,,,,,,
306,6,149,42,,,,,,,
307,6,150,42,,,,,,,
308,6,151,42,,,,,,,
309,6,152,42,,,,,,,
310,6,153,42,,,,,,,
311,6,154,42,,,,,,,
312,6,155,42,,,,,,,
313,6,156,42,,,,,,,
314,6,129,43,,,,,,,
315,6,130,43,,,,,,,
316,6,131,43,,,,,,,
317,6,132,43,,,,,,,
318,6,133,43,,,,,,,
319,6,134,43,,,,,,,
320,6,135,43,,,,,,,
321,6,136,43,,,,,,,
322,6,137,43,,,,,,,
323,6,138,43,,,,,,,
324,6,139,43,,,,,,,
325,6,140,43,,,,,,,
326,6,141,43,,,,,,,
327,6,142,43,,,,,,,
328,6,143,43,,,,,,,
329,6,144,43,,,,,,,
330,6,145,43,,,,,,,
331,6,146,43,,,,,,,
332,6,147,43,,,,,,,
333,6,148,43,,,,,,,
334,6,149,43,,,,,,,
335,6,150,43,,,,,,,
336,6,151,43,,,,,,,
337,6,152,43,,,,,,,
338,6,153,43,,,,,,,
339,6,154,43,,,,,,,
340,6,155,43,,,,,,,
341,6,156,43,,,,,,,
342,6,129,44,,,,,,,
343,6,130,44,,,,,,,
344,6,131,44,,,,,,,
345,6,132,44,,,,,,,
346,6,133,44,,,,,,,
347,6,134,44,,,,,,,
348,6,135,44,,,,,,,
349,6,136,44,,,,,,,
350,6,137,44,,,,,,,
351,6,138,44,,,,,,,
352,6,139,44,,,,,,,
353,6,140,44,,,,,,,
354,6,141,44,,,,,,,
355,6,142,44,,,,,,,
356,6,143,44,,,,,,,
357,6,144,44,,,,,,,
358,6,145,44,,,,,,,
359,6,146,44,,,,,,,
360,6,147,44,,,,,,,
361,6,148,44,,,,,,,
362,6,149,44,,,,,,,
363,6,150,44,,,,,,,
364,6,151,44,,,,,,,
365,6,152,44,,,,,,,
366,6,153,44,,,,,,,
367,6,154,44,,,,,,,
368,6,155,44,,,,,,,
369,6,156,44,,,,,,,
370,6,129,45,,,,,,,
371,6,130,45,,,,,,,
372,6,131,45,,,,,,,
373,6,132,45,,,,,,,
374,6,133,45,,,,,,,
375,6,134,45,,,,,,,
376,6,135,45,,,,,,,
377,6,136,45,,,,,,,
378,6,137,45,,,,,,,
379,6,138,45,,,,,,,
380,6,139,45,,,,,,,
381,6,140,45,,,,,,,
382,6,141,45,,,,,,,
383,6,142,45,,,,,,,
384,6,143,45,,,,,,,
385,6,144,45,,,,,,,
386,6,145,45,,,,,,,
387,6,146,45,,,,,,,
388,6,147,45,,,,,,,
389,6,148,45,,,,,,,
390,6,149,45,,,,,,,
391,6,150,45,,,,,,,
392,6,151,45,,,,,,,
393,6,152,45,,,,,,,
394,6,153,45,,,,,,,
395,6,154,45,,,,,,,
396,6,155,45,,,,,,,
397,6,156,45,,,,,,,
398,6,129,46,,,,,,,
399,6,130,46,,,,,,,
400,6,131,46,,,,,,,
401,6,132,46,,,,,,,
402,6,133,46,,,,,,,
403,6,134,46,,,,,,,
404,6,135,46,,,,,,,
405,6,136,46,,,,,,,
406,6,137,46,,,,,,,
407,6,138,46,,,,,,,
408,6,139,46,,,,,,,
409,6,140,46,,,,,,,
410,6,141,46,,,,,,,
411,6,142,46,,,,,,,
412,6,143,46,,,,,,,
413,6,144,46,,,,,,,
414,6,145,46,,,,,,,
415,6,146,46,,,,,,,
416,6,147,46,,,,,,,
417,6,148,46,,,,,,,
418,6,149,46,,,,,,,
419,6,150,46,,,,,,,
420,6,151,46,,,,,,,
421,6,152,46,,,,,,,
422,6,153,46,,,,,,,
423,6,154,46,,,,,,,
424,6,155,46,,,,,,,
425,6,156,46,,,,,,,
426,6,129,47,,,,,,,
427,6,130,47,,,,,,,
428,6,131,47,,,,,,,
429,6,132,47,,,,,,,
430,6,133,47,,,,,,,
431,6,134,47,,,,,,,
432,6,135,47,,,,,,,
433,6,136,47,,,,,,,
434,6,137,47,,,,,,,
435,6,138,47,,,,,,,
436,6,139,47,,,,,,,
437,6,140,47,,,,,,,
438,6,141,47,,,,,,,
439,6,142,47,,,,,,,
440,6,143,47,,,,,,,
441,6,144,47,,,,,,,
442,6,145,47,,,,,,,
443,6,146,47,,,,,,,
444,6,147,47,,,,,,,
445,6,148,47,,,,,,,
446,6,149,47,,,,,,,
447,6,150,47,,,,,,,
448,6,151,47,,,,,,,
449,6,152,47,,,,,,,
450,6,153,47,,,,,,,
451,6,154,47,,,,,,,
452,6,155,47,,,,,,,
453,6,131,48,,,,,,,
454,6,132,48,,,,,,,
455,6,133,48,,,,,,,
456,6,134,48,,,,,,,
457,6,135,48,,,,,,,
458,6,136,48,,,,,,,
459,6,137,48,,,,,,,
460,6,138,48,,,,,,,
461,6,139,48,,,,,,,
462,6,140,48,,,,,,,
463,6,141,48,,,,,,,
464,6,142,48,,,,,,,
465,6,143,48,,,,,,,
466,6,144,48,,,,,,,
467,6,145,48,,,,,,,
468,6,146,48,,,,,,,
469,6,147,48,,,,,,,
470,6,148,48,,,,,,,
471,6,149,48,,,,,,,
472,6,150,48,,,,,,,
473,6,151,48,,,,,,,
474,6,152,48,,,,,,,
475,6,153,48,,,,,,,
476,6,154,48,,,,,,,
477,6,155,48,,,,,,,
478,6,131,49,,,,,,,
479,6,132,49,,,,,,,
480,6,133,49,,,,,,,
481,6,134,49,,,,,,,
482,6,135,49,,,,,,,
483,6,136,49,,,,,,,
484,6,137,49,,,,,,,
485,6,138,49,,,,,,,
486,6,139,49,,,,,,,
487,6,140,49,,,,,,,
488,6,141,49,,,,,,,
489,6,142,49,,,,,,,
490,6,143,49,,,,,,,
491,6,144,49,,,,,,,
492,6,145,49,,,,,,,
493,6,146,49,,,,,,,
494,6,147,49,,,,,,,
495,6,148,49,,,,,,,
496,6,149,49,,,,,,,
497,6,150,49,,,,,,,
498,6,151,49,,,,,,,
499,6,152,49,,,,,,,
500,6,153,49,,,,,,,
501,6,154,49,,,,,,,
502,6,155,49,,,,,,,
503,6,138,50,,,,,,,
504,6,139,50,,,,,,,
505,6,140,50,,,,,,,
506,6,141,50,,,,,,,
507,6,142,50,,,,,,,
508,6,143,50,,,,,,,
509,6,144,50,,,,,,,
510,6,145,50,,,,,,,
511,6,146,50,,,,,,,
512,6,147,50,,,,,,,
513,6,148,50,,,,,,,
514,6,149,50,,,,,,,
515,6,150,50,,,,,,,
516,6,151,50,,,,,,,
517,6,152,50,,,,,,,
518,6,153,50,,,,,,,
519,6,154,50,,,,,,,
520,6,155,50,,,,,,,
521,6,141,51,,,,,,,
522,6,142,51,,,,,,,
523,6,143,51,,,,,,,
524,6,144,51,,,,,,,
525,6,145,51,,,,,,,
526,6,146,51,,,,,,,
527,6,147,51,,,,,,,
528,6,148,51,,,,,,,
529,6,149,51,,,,,,,
530,6,150,51,,,,,,,
531,6,151,51,,,,,,,
532,6,152,51,,,,,,,
533,6,153,51,,,,,,,
534,6,154,51,,,,,,,
535,6,146,52,,,,,,,
536,6,147,52,,,,,,,
537,6,148,52,,,,,,,
538,6,149,52,,,,,,,
539,6,150,52,,,,,,,
540,6,151,52,,,,,,,
541,6,152,52,,,,,,,
542,6,153,52,,,,,,,
543,6,154,52,,,,,,,
544,6,147,53,,,,,,,
545,6,148,53,,,,,,,
546,6,149,53,,,,,,,
547,6,150,53,,,,,,,
548,6,151,53,,,,,,,
549,6,152,53,,,,,,,
550,6,153,53,,,,,,,
0,7,104,26,98.0,54.0,left down,104.0,39.0,387.0,85.45584428310394
1,7,105,26,104.0,26.0,left down,,,,
2,7,106,26,114.0,26.0,right up,,,,
3,7,107,26,108.0,55.0,right down,,,,
4,7,108,26,,,,,,,
5,7,109,26,,,,,,,
6,7,110,26,,,,,,,
7,7,111,26,,,,,,,
8,7,112,26,,,,,,,
9,7,113,26,,,,,,,
10,7,114,26,,,,,,,
11,7,103,27,,,,,,,
12,7,104,27,,,,,,,
13,7,105,27,,,,,,,
14,7,106,27,,,,,,,
15,7,107,27,,,,,,,
16,7,108,27,,,,,,,
17,7,109,27,,,,,,,
18,7,110,27,,,,,,,
19,7,111,27,,,,,,,
20,7,112,27,,,,,,,
21,7,113,27,,,,,,,
22,7,114,27,,,,,,,
23,7,102,28,,,,,,,
24,7,103,28,,,,,,,
25,7,104,28,,,,,,,
26,7,105,28,,,,,,,
27,7,106,28,,,,,,,
28,7,107,28,,,,,,,
29,7,108,28,,,,,,,
30,7,109,28,,,,,,,
31,7,110,28,,,,,,,
32,7,111,28,,,,,,,
33,7,112,28,,,,,,,
34,7,113,28,,,,,,,
35,7,114,28,,,,,,,
36,7,101,29,,,,,,,
37,7,102,29,,,,,,,
38,7,103,29,,,,,,,
39,7,104,29,,,,,,,
40,7,105,29,,,,,,,
41,7,106,29,,,,,,,
42,7,107,29,,,,,,,
43,7,108,29,,,,,,,
44,7,109,29,,,,,,,
45,7,110,29,,,,,,,
46,7,111,29,,,,,,,
47,7,112,29,,,,,,,
48,7,113,29,,,,,,,
49,7,114,29,,,,,,,
50,7,100,30,,,,,,,
51,7,101,30,,,,,,,
52,7,102,30,,,,,,,
53,7,103,30,,,,,,,
54,7,104,30,,,,,,,
55,7,105,30,,,,,,,
56,7,106,30,,,,,,,
57,7,107,30,,,,,,,
58,7,108,30,,,,,,,
59,7,109,30,,,,,,,
60,7,110,30,,,,,,,
61,7,111,30,,,,,,,
62,7,112,30,,,,,,,
63,7,113,30,,,,,,,
64,7,114,30,,,,,,,
65,7,99,31,,,,,,,
66,7,100,31,,,,,,,
67,7,101,31,,,,,,,
68,7,102,31,,,,,,,
69,7,103,31,,,,,,,
70,7,104,31,,,,,,,
71,7,105,31,,,,,,,
72,7,106,31,,,,,,,
73,7,107,31,,,,,,,
74,7,108,31,,,,,,,
75,7,109,31,,,,,,,
76,7,110,31,,,,,,,
77,7,111,31,,,,,,,
78,7,112,31,,,,,,,
79,7,113,31,,,,,,,
80,7,114,31,,,,,,,
81,7,98,32,,,,,,,
82,7,99,32,,,,,,,
83,7,100,32,,,,,,,
84,7,101,32,,,,,,,
85,7,102,32,,,,,,,
86,7,103,32,,,,,,,
87,7,104,32,,,,,,,
88,7,105,32,,,,,,,
89,7,106,32,,,,,,,
90,7,107,32,,,,,,,
91,7,108,32,,,,,,,
92,7,109,32,,,,,,,
93,7,110,32,,,,,,,
94,7,111,32,,,,,,,
95,7,112,32,,,,,,,
96,7,113,32,,,,,,,
97,7,114,32,,,,,,,
98,7,97,33,,,,,,,
99,7,98,33,,,,,,,
100,7,99,33,,,,,,,
101,7,100,33,,,,,,,
102,7,101,33,,,,,,,
103,7,102,33,,,,,,,
104,7,103,33,,,,,,,
105,7,104,33,,,,,,,
106,7,105,33,,,,,,,
107,7,106,33,,,,,,,
108,7,107,33,,,,,,,
109,7,108,33,,,,,,,
110,7,109,33,,,,,,,
111,7,110,33,,,,,,,
112,7,111,33,,,,,,,
113,7,112,33,,,,,,,
114,7,113,33,,,,,,,
115,7,114,33,,,,,,,
116,7,96,34,,,,,,,
117,7,97,34,,,,,,,
118,7,98,34,,,,,,,
119,7,99,34,,,,,,,
120,7,100,34,,,,,,,
121,7,101,34,,,,,,,
122,7,102,34,,,,,,,
123,7,103,34,,,,,,,
124,7,104,34,,,,,,,
125,7,105,34,,,,,,,
126,7,106,34,,,,,,,
127,7,107,34,,,,,,,
128,7,108,34,,,,,,,
129,7,109,34,,,,,,,
130,7,110,34,,,,,,,
131,7,111,34,,,,,,,
132,7,112,34,,,,,,,
133,7,113,34,,,,,,,
134,7,114,34,,,,,,,
135,7,95,35,,,,,,,
136,7,96,35,,,,,,,
137,7,97,35,,,,,,,
138,7,98,35,,,,,,,
139,7,99,35,,,,,,,
140,7,100,35,,,,,,,
141,7,101,35,,,,,,,
142,7,102,35,,,,,,,
143,7,103,35,,,,,,,
144,7,104,35,,,,,,,
145,7,105,35,,,,,,,
146,7,106,35,,,,,,,
147,7,107,35,,,,,,,
148,7,108,35,,,,,,,
149,7,109,35,,,,,,,
150,7,110,35,,,,,,,
151,7,111,35,,,,,,,
152,7,112,35,,,,,,,
153,7,113,35,,,,,,,
154,7,95,36,,,,,,,
155,7,96,36,,,,,,,
156,7,97,36,,,,,,,
157,7,98,36,,,,,,,
158,7,99,36,,,,,,,
159,7,100,36,,,,,,,
160,7,101,36,,,,,,,
161,7,102,36,,,,,,,
162,7,103,36,,,,,,,
163,7,104,36,,,,,,,
164,7,105,36,,,,,,,
165,7,106,36,,,,,,,
166,7,107,36,,,,,,,
167,7,108,36,,,,,,,
168,7,109,36,,,,,,,
169,7,110,36,,,,,,,
170,7,111,36,,,,,,,
171,7,112,36,,,,,,,
172,7,113,36,,,,,,,
173,7,95,37,,,,,,,
174,7,96,37,,,,,,,
175,7,97,37,,,,,,,
176,7,98,37,,,,,,,
177,7,99,37,,,,,,,
178,7,100,37,,,,,,,
179,7,101,37,,,,,,,
180,7,102,37,,,,,,,
181,7,103,37,,,,,,,
182,7,104,37,,,,,,,
183,7,105,37,,,,,,,
184,7,106,37,,,,,,,
185,7,107,37,,,,,,,
186,7,108,37,,,,,,,
187,7,109,37,,,,,,,
188,7,110,37,,,,,,,
189,7,111,37,,,,,,,
190,7,112,37,,,,,,,
191,7,113,37,,,,,,,
192,7,95,38,,,,,,,
193,7,96,38,,,,,,,
194,7,97,38,,,,,,,
195,7,98,38,,,,,,,
196,7,99,38,,,,,,,
197,7,100,38,,,,,,,
198,7,101,38,,,,,,,
199,7,102,38,,,,,,,
200,7,103,38,,,,,,,
201,7,104,38,,,,,,,
202,7,105,38,,,,,,,
203,7,106,38,,,,,,,
204,7,107,38,,,,,,,
205,7,108,38,,,,,,,
206,7,109,38,,,,,,,
207,7,110,38,,,,,,,
208,7,111,38,,,,,,,
209,7,112,38,,,,,,,
210,7,95,39,,,,,,,
211,7,96,39,,,,,,,
212,7,97,39,,,,,,,
213,7,98,39,,,,,,,
214,7,99,39,,,,,,,
215,7,100,39,,,,,,,
216,7,101,39,,,,,,,
217,7,102,39,,,,,,,
218,7,103,39,,,,,,,
219,7,104,39,,,,,,,
220,7,105,39,,,,,,,
221,7,106,39,,,,,,,
222,7,107,39,,,,,,,
223,7,108,39,,,,,,,
224,7,109,39,,,,,,,
225,7,110,39,,,,,,,
226,7,111,39,,,,,,,
227,7,112,39,,,,,,,
228,7,95,40,,,,,,,
229,7,96,40,,,,,,,
230,7,97,40,,,,,,,
231,7,98,40,,,,,,,
232,7,99,40,,,,,,,
233,7,100,40,,,,,,,
234,7,101,40,,,,,,,
235,7,102,40,,,,,,,
236,7,103,40,,,,,,,
237,7,104,40,,,,,,,
238,7,105,40,,,,,,,
239,7,106,40,,,,,,,
240,7,107,40,,,,,,,
241,7,108,40,,,,,,,
242,7,109,40,,,,,,,
243,7,110,40,,,,,,,
244,7,111,40,,,,,,,
245,7,95,41,,,,,,,
246,7,96,41,,,,,,,
247,7,97,41,,,,,,,
248,7,98,41,,,,,,,
249,7,99,41,,,,,,,
250,7,100,41,,,,,,,
251,7,101,41,,,,,,,
252,7,102,41,,,,,,,
253,7,103,41,,,,,,,
254,7,104,41,,,,,,,
255,7,105,41,,,,,,,
256,7,106,41,,,,,,,
257,7,107,41,,,,,,,
258,7,108,41,,,,,,,
259,7,109,41,,,,,,,
260,7,110,41,,,,,,,
261,7,111,41,,,,,,,
262,7,95,42,,,,,,,
263,7,96,42,,,,,,,
264,7,97,42,,,,,,,
265,7,98,42,,,,,,,
266,7,99,42,,,,,,,
267,7,100,42,,,,,,,
268,7,101,42,,,,,,,
269,7,102,42,,,,,,,
270,7,103,42,,,,,,,
271,7,104,42,,,,,,,
272,7,105,42,,,,,,,
273,7,106,42,,,,,,,
274,7,107,42,,,,,,,
275,7,108,42,,,,,,,
276,7,109,42,,,,,,,
277,7,110,42,,,,,,,
278,7,97,43,,,,,,,
279,7,98,43,,,,,,,
280,7,99,43,,,,,,,
281,7,100,43,,,,,,,
282,7,101,43,,,,,,,
283,7,102,43,,,,,,,
284,7,103,43,,,,,,,
285,7,104,43,,,,,,,
286,7,105,43,,,,,,,
287,7,106,43,,,,,,,
288,7,107,43,,,,,,,
289,7,108,43,,,,,,,
290,7,109,43,,,,,,,
291,7,110,43,,,,,,,
292,7,98,44,,,,,,,
293,7,99,44,,,,,,,
294,7,100,44,,,,,,,
295,7,101,44,,,,,,,
296,7,102,44,,,,,,,
297,7,103,44,,,,,,,
298,7,104,44,,,,,,,
299,7,105,44,,,,,,,
300,7,106,44,,,,,,,
301,7,107,44,,,,,,,
302,7,108,44,,,,,,,
303,7,109,44,,,,,,,
304,7,98,45,,,,,,,
305,7,99,45,,,,,,,
306,7,100,45,,,,,,,
307,7,101,45,,,,,,,
308,7,102,45,,,,,,,
309,7,103,45,,,,,,,
310,7,104,45,,,,,,,
311,7,105,45,,,,,,,
312,7,106,45,,,,,,,
313,7,107,45,,,,,,,
314,7,108,45,,,,,,,
315,7,109,45,,,,,,,
316,7,98,46,,,,,,,
317,7,99,46,,,,,,,
318,7,100,46,,,,,,,
319,7,101,46,,,,,,,
320,7,102,46,,,,,,,
321,7,103,46,,,,,,,
322,7,104,46,,,,,,,
323,7,105,46,,,,,,,
324,7,106,46,,,,,,,
325,7,107,46,,,,,,,
326,7,108,46,,,,,,,
327,7,109,46,,,,,,,
328,7,98,47,,,,,,,
329,7,99,47,,,,,,,
330,7,100,47,,,,,,,
331,7,101,47,,,,,,,
332,7,102,47,,,,,,,
333,7,103,47,,,,,,,
334,7,104,47,,,,,,,
335,7,105,47,,,,,,,
336,7,106,47,,,,,,,
337,7,107,47,,,,,,,
338,7,108,47,,,,,,,
339,7,109,47,,,,,,,
340,7,98,48,,,,,,,
341,7,99,48,,,,,,,
342,7,100,48,,,,,,,
343,7,101,48,,,,,,,
344,7,102,48,,,,,,,
345,7,103,48,,,,,,,
346,7,104,48,,,,,,,
347,7,105,48,,,,,,,
348,7,106,48,,,,,,,
349,7,107,48,,,,,,,
350,7,108,48,,,,,,,
351,7,109,48,,,,,,,
352,7,98,49,,,,,,,
353,7,99,49,,,,,,,
354,7,100,49,,,,,,,
355,7,101,49,,,,,,,
356,7,102,49,,,,,,,
357,7,103,49,,,,,,,
358,7,104,49,,,,,,,
359,7,105,49,,,,,,,
360,7,106,49,,,,,,,
361,7,107,49,,,,,,,
362,7,108,49,,,,,,,
363,7,109,49,,,,,,,
364,7,98,50,,,,,,,
365,7,99,50,,,,,,,
366,7,100,50,,,,,,,
367,7,101,50,,,,,,,
368,7,102,50,,,,,,,
369,7,103,50,,,,,,,
370,7,104,50,,,,,,,
371,7,105,50,,,,,,,
372,7,106,50,,,,,,,
373,7,107,50,,,,,,,
374,7,108,50,,,,,,,
375,7,109,50,,,,,,,
376,7,98,51,,,,,,,
377,7,99,51,,,,,,,
378,7,100,51,,,,,,,
379,7,101,51,,,,,,,
380,7,102,51,,,,,,,
381,7,103,51,,,,,,,
382,7,104,51,,,,,,,
383,7,105,51,,,,,,,
384,7,106,51,,,,,,,
385,7,107,51,,,,,,,
386,7,108,51,,,,,,,
387,7,98,52,,,,,,,
388,7,99,52,,,,,,,
389,7,100,52,,,,,,,
390,7,101,52,,,,,,,
391,7,102,52,,,,,,,
392,7,103,52,,,,,,,
393,7,104,52,,,,,,,
394,7,105,52,,,,,,,
395,7,106,52,,,,,,,
396,7,107,52,,,,,,,
397,7,108,52,,,,,,,
398,7,98,53,,,,,,,
399,7,99,53,,,,,,,
400,7,100,53,,,,,,,
401,7,101,53,,,,,,,
402,7,102,53,,,,,,,
403,7,103,53,,,,,,,
404,7,104,53,,,,,,,
405,7,105,53,,,,,,,
406,7,106,53,,,,,,,
407,7,107,53,,,,,,,
408,7,108,53,,,,,,,
409,7,98,54,,,,,,,
410,7,99,54,,,,,,,
411,7,100,54,,,,,,,
412,7,101,54,,,,,,,
413,7,102,54,,,,,,,
414,7,103,54,,,,,,,
415,7,104,54,,,,,,,
416,7,105,54,,,,,,,
417,7,106,54,,,,,,,
418,7,107,54,,,,,,,
419,7,108,54,,,,,,,
420,7,102,55,,,,,,,
421,7,103,55,,,,,,,
422,7,104,55,,,,,,,
423,7,105,55,,,,,,,
424,7,106,55,,,,,,,
425,7,107,55,,,,,,,
426,7,108,55,,,,,,,
0,8,138,8,137.0,24.0,left down,148.0,16.0,382.5,79.0710676908493
1,8,139,8,138.0,8.0,left up,,,,
2,8,140,8,159.0,8.0,right up,,,,
3,8,141,8,158.0,27.0,right down,,,,
4,8,142,8,,,,,,,
5,8,143,8,,,,,,,
6,8,144,8,,,,,,,
7,8,145,8,,,,,,,
8,8,146,8,,,,,,,
9,8,147,8,,,,,,,
10,8,148,8,,,,,,,
11,8,149,8,,,,,,,
12,8,150,8,,,,,,,
13,8,151,8,,,,,,,
14,8,152,8,,,,,,,
15,8,153,8,,,,,,,
16,8,154,8,,,,,,,
17,8,155,8,,,,,,,
18,8,156,8,,,,,,,
19,8,157,8,,,,,,,
20,8,158,8,,,,,,,
21,8,159,8,,,,,,,
22,8,138,9,,,,,,,
23,8,139,9,,,,,,,
24,8,140,9,,,,,,,
25,8,141,9,,,,,,,
26,8,142,9,,,,,,,
27,8,143,9,,,,,,,
28,8,144,9,,,,,,,
29,8,145,9,,,,,,,
30,8,146,9,,,,,,,
31,8,147,9,,,,,,,
32,8,148,9,,,,,,,
33,8,149,9,,,,,,,
34,8,150,9,,,,,,,
35,8,151,9,,,,,,,
36,8,152,9,,,,,,,
37,8,153,9,,,,,,,
38,8,154,9,,,,,,,
39,8,155,9,,,,,,,
40,8,156,9,,,,,,,
41,8,157,9,,,,,,,
42,8,158,9,,,,,,,
43,8,159,9,,,,,,,
44,8,138,10,,,,,,,
45,8,139,10,,,,,,,
46,8,140,10,,,,,,,
47,8,141,10,,,,,,,
48,8,142,10,,,,,,,
49,8,143,10,,,,,,,
50,8,144,10,,,,,,,
51,8,145,10,,,,,,,
52,8,146,10,,,,,,,
53,8,147,10,,,,,,,
54,8,148,10,,,,,,,
55,8,149,10,,,,,,,
56,8,150,10,,,,,,,
57,8,151,10,,,,,,,
58,8,152,10,,,,,,,
59,8,153,10,,,,,,,
60,8,154,10,,,,,,,
61,8,155,10,,,,,,,
62,8,156,10,,,,,,,
63,8,157,10,,,,,,,
64,8,158,10,,,,,,,
65,8,159,10,,,,,,,
66,8,138,11,,,,,,,
67,8,139,11,,,,,,,
68,8,140,11,,,,,,,
69,8,141,11,,,,,,,
70,8,142,11,,,,,,,
71,8,143,11,,,,,,,
72,8,144,11,,,,,,,
73,8,145,11,,,,,,,
74,8,146,11,,,,,,,
75,8,147,11,,,,,,,
76,8,148,11,,,,,,,
77,8,149,11,,,,,,,
78,8,150,11,,,,,,,
79,8,151,11,,,,,,,
80,8,152,11,,,,,,,
81,8,153,11,,,,,,,
82,8,154,11,,,,,,,
83,8,155,11,,,,,,,
84,8,156,11,,,,,,,
85,8,157,11,,,,,,,
86,8,158,11,,,,,,,
87,8,159,11,,,,,,,
88,8,138,12,,,,,,,
89,8,139,12,,,,,,,
90,8,140,12,,,,,,,
91,8,141,12,,,,,,,
92,8,142,12,,,,,,,
93,8,143,12,,,,,,,
94,8,144,12,,,,,,,
95,8,145,12,,,,,,,
96,8,146,12,,,,,,,
97,8,147,12,,,,,,,
98,8,148,12,,,,,,,
99,8,149,12,,,,,,,
100,8,150,12,,,,,,,
101,8,151,12,,,,,,,
102,8,152,12,,,,,,,
103,8,153,12,,,,,,,
104,8,154,12,,,,,,,
105,8,155,12,,,,,,,
106,8,156,12,,,,,,,
107,8,157,12,,,,,,,
108,8,158,12,,,,,,,
109,8,159,12,,,,,,,
110,8,138,13,,,,,,,
111,8,139,13,,,,,,,
112,8,140,13,,,,,,,
113,8,141,13,,,,,,,
114,8,142,13,,,,,,,
115,8,143,13,,,,,,,
116,8,144,13,,,,,,,
117,8,145,13,,,,,,,
118,8,146,13,,,,,,,
119,8,147,13,,,,,,,
120,8,148,13,,,,,,,
121,8,149,13,,,,,,,
122,8,150,13,,,,,,,
123,8,151,13,,,,,,,
124,8,152,13,,,,,,,
125,8,153,13,,,,,,,
126,8,154,13,,,,,,,
127,8,155,13,,,,,,,
128,8,156,13,,,,,,,
129,8,157,13,,,,,,,
130,8,158,13,,,,,,,
131,8,159,13,,,,,,,
132,8,137,14,,,,,,,
133,8,138,14,,,,,,,
134,8,139,14,,,,,,,
135,8,140,14,,,,,,,
136,8,141,14,,,,,,,
137,8,142,14,,,,,,,
138,8,143,14,,,,,,,
139,8,144,14,,,,,,,
140,8,145,14,,,,,,,
141,8,146,14,,,,,,,
142,8,147,14,,,,,,,
143,8,148,14,,,,,,,
144,8,149,14,,,,,,,
145,8,150,14,,,,,,,
146,8,151,14,,,,,,,
147,8,152,14,,,,,,,
148,8,153,14,,,,,,,
149,8,154,14,,,,,,,
150,8,155,14,,,,,,,
151,8,156,14,,,,,,,
152,8,157,14,,,,,,,
153,8,158,14,,,,,,,
154,8,159,14,,,,,,,
155,8,137,15,,,,,,,
156,8,138,15,,,,,,,
157,8,139,15,,,,,,,
158,8,140,15,,,,,,,
159,8,141,15,,,,,,,
160,8,142,15,,,,,,,
161,8,143,15,,,,,,,
162,8,144,15,,,,,,,
163,8,145,15,,,,,,,
164,8,146,15,,,,,,,
165,8,147,15,,,,,,,
166,8,148,15,,,,,,,
167,8,149,15,,,,,,,
168,8,150,15,,,,,,,
169,8,151,15,,,,,,,
170,8,152,15,,,,,,,
171,8,153,15,,,,,,,
172,8,154,15,,,,,,,
173,8,155,15,,,,,,,
174,8,156,15,,,,,,,
175,8,157,15,,,,,,,
176,8,158,15,,,,,,,
177,8,159,15,,,,,,,
178,8,137,16,,,,,,,
179,8,138,16,,,,,,,
180,8,139,16,,,,,,,
181,8,140,16,,,,,,,
182,8,141,16,,,,,,,
183,8,142,16,,,,,,,
184,8,143,16,,,,,,,
185,8,144,16,,,,,,,
186,8,145,16,,,,,,,
187,8,146,16,,,,,,,
188,8,147,16,,,,,,,
189,8,148,16,,,,,,,
190,8,149,16,,,,,,,
191,8,150,16,,,,,,,
192,8,151,16,,,,,,,
193,8,152,16,,,,,,,
194,8,153,16,,,,,,,
195,8,154,16,,,,,,,
196,8,155,16,,,,,,,
197,8,156,16,,,,,,,
198,8,157,16,,,,,,,
199,8,158,16,,,,,,,
200,8,159,16,,,,,,,
201,8,137,17,,,,,,,
202,8,138,17,,,,,,,
203,8,139,17,,,,,,,
204,8,140,17,,,,,,,
205,8,141,17,,,,,,,
206,8,142,17,,,,,,,
207,8,143,17,,,,,,,
208,8,144,17,,,,,,,
209,8,145,17,,,,,,,
210,8,146,17,,,,,,,
211,8,147,17,,,,,,,
212,8,148,17,,,,,,,
213,8,149,17,,,,,,,
214,8,150,17,,,,,,,
215,8,151,17,,,,,,,
216,8,152,17,,,,,,,
217,8,153,17,,,,,,,
218,8,154,17,,,,,,,
219,8,155,17,,,,,,,
220,8,156,17,,,,,,,
221,8,157,17,,,,,,,
222,8,158,17,,,,,,,
223,8,159,17,,,,,,,
224,8,137,18,,,,,,,
225,8,138,18,,,,,,,
226,8,139,18,,,,,,,
227,8,140,18,,,,,,,
228,8,141,18,,,,,,,
229,8,142,18,,,,,,,
230,8,143,18,,,,,,,
231,8,144,18,,,,,,,
232,8,145,18,,,,,,,
233,8,146,18,,,,,,,
234,8,147,18,,,,,,,
235,8,148,18,,,,,,,
236,8,149,18,,,,,,,
237,8,150,18,,,,,,,
238,8,151,18,,,,,,,
239,8,152,18,,,,,,,
240,8,153,18,,,,,,,
241,8,154,18,,,,,,,
242,8,155,18,,,,,,,
243,8,156,18,,,,,,,
244,8,157,18,,,,,,,
245,8,158,18,,,,,,,
246,8,159,18,,,,,,,
247,8,137,19,,,,,,,
248,8,138,19,,,,,,,
249,8,139,19,,,,,,,
250,8,140,19,,,,,,,
251,8,141,19,,,,,,,
252,8,142,19,,,,,,,
253,8,143,19,,,,,,,
254,8,144,19,,,,,,,
255,8,145,19,,,,,,,
256,8,146,19,,,,,,,
257,8,147,19,,,,,,,
258,8,148,19,,,,,,,
259,8,149,19,,,,,,,
260,8,150,19,,,,,,,
261,8,151,19,,,,,,,
262,8,152,19,,,,,,,
263,8,153,19,,,,,,,
264,8,154,19,,,,,,,
265,8,155,19,,,,,,,
266,8,156,19,,,,,,,
267,8,157,19,,,,,,,
268,8,158,19,,,,,,,
269,8,159,19,,,,,,,
270,8,137,20,,,,,,,
271,8,138,20,,,,,,,
272,8,139,20,,,,,,,
273,8,140,20,,,,,,,
274,8,141,20,,,,,,,
275,8,142,20,,,,,,,
276,8,143,20,,,,,,,
277,8,144,20,,,,,,,
278,8,145,20,,,,,,,
279,8,146,20,,,,,,,
280,8,147,20,,,,,,,
281,8,148,20,,,,,,,
282,8,149,20,,,,,,,
283,8,150,20,,,,,,,
284,8,151,20,,,,,,,
285,8,152,20,,,,,,,
286,8,153,20,,,,,,,
287,8,154,20,,,,,,,
288,8,155,20,,,,,,,
289,8,156,20,,,,,,,
290,8,157,20,,,,,,,
291,8,158,20,,,,,,,
292,8,159,20,,,,,,,
293,8,137,21,,,,,,,
294,8,138,21,,,,,,,
295,8,139,21,,,,,,,
296,8,140,21,,,,,,,
297,8,141,21,,,,,,,
298,8,142,21,,,,,,,
299,8,143,21,,,,,,,
300,8,144,21,,,,,,,
301,8,145,21,,,,,,,
302,8,146,21,,,,,,,
303,8,147,21,,,,,,,
304,8,148,21,,,,,,,
305,8,149,21,,,,,,,
306,8,150,21,,,,,,,
307,8,151,21,,,,,,,
308,8,152,21,,,,,,,
309,8,153,21,,,,,,,
310,8,154,21,,,,,,,
311,8,155,21,,,,,,,
312,8,156,21,,,,,,,
313,8,157,21,,,,,,,
314,8,158,21,,,,,,,
315,8,159,21,,,,,,,
316,8,137,22,,,,,,,
317,8,138,22,,,,,,,
318,8,139,22,,,,,,,
319,8,140,22,,,,,,,
320,8,141,22,,,,,,,
321,8,142,22,,,,,,,
322,8,143,22,,,,,,,
323,8,144,22,,,,,,,
324,8,145,22,,,,,,,
325,8,146,22,,,,,,,
326,8,147,22,,,,,,,
327,8,148,22,,,,,,,
328,8,149,22,,,,,,,
329,8,150,22,,,,,,,
330,8,151,22,,,,,,,
331,8,152,22,,,,,,,
332,8,153,22,,,,,,,
333,8,154,22,,,,,,,
334,8,155,22,,,,,,,
335,8,156,22,,,,,,,
336,8,157,22,,,,,,,
337,8,158,22,,,,,,,
338,8,159,22,,,,,,,
339,8,137,23,,,,,,,
340,8,138,23,,,,,,,
341,8,139,23,,,,,,,
342,8,140,23,,,,,,,
343,8,141,23,,,,,,,
344,8,142,23,,,,,,,
345,8,143,23,,,,,,,
346,8,144,23,,,,,,,
347,8,145,23,,,,,,,
348,8,146,23,,,,,,,
349,8,147,23,,,,,,,
350,8,148,23,,,,,,,
351,8,149,23,,,,,,,
352,8,150,23,,,,,,,
353,8,151,23,,,,,,,
354,8,152,23,,,,,,,
355,8,153,23,,,,,,,
356,8,154,23,,,,,,,
357,8,155,23,,,,,,,
358,8,156,23,,,,,,,
359,8,157,23,,,,,,,
360,8,158,23,,,,,,,
361,8,159,23,,,,,,,
362,8,137,24,,,,,,,
363,8,138,24,,,,,,,
364,8,139,24,,,,,,,
365,8,140,24,,,,,,,
366,8,141,24,,,,,,,
367,8,142,24,,,,,,,
368,8,143,24,,,,,,,
369,8,144,24,,,,,,,
370,8,145,24,,,,,,,
371,8,146,24,,,,,,,
372,8,147,24,,,,,,,
373,8,148,24,,,,,,,
374,8,149,24,,,,,,,
375,8,150,24,,,,,,,
376,8,151,24,,,,,,,
377,8,152,24,,,,,,,
378,8,153,24,,,,,,,
379,8,154,24,,,,,,,
380,8,155,24,,,,,,,
381,8,156,24,,,,,,,
382,8,157,24,,,,,,,
383,8,158,24,,,,,,,
384,8,159,24,,,,,,,
385,8,144,25,,,,,,,
386,8,145,25,,,,,,,
387,8,146,25,,,,,,,
388,8,147,25,,,,,,,
389,8,148,25,,,,,,,
390,8,149,25,,,,,,,
391,8,150,25,,,,,,,
392,8,151,25,,,,,,,
393,8,152,25,,,,,,,
394,8,153,25,,,,,,,
395,8,154,25,,,,,,,
396,8,155,25,,,,,,,
397,8,156,25,,,,,,,
398,8,157,25,,,,,,,
399,8,158,25,,,,,,,
400,8,159,25,,,,,,,
401,8,146,26,,,,,,,
402,8,147,26,,,,,,,
403,8,148,26,,,,,,,
404,8,149,26,,,,,,,
405,8,150,26,,,,,,,
406,8,151,26,,,,,,,
407,8,152,26,,,,,,,
408,8,153,26,,,,,,,
409,8,154,26,,,,,,,
410,8,155,26,,,,,,,
411,8,156,26,,,,,,,
412,8,157,26,,,,,,,
413,8,158,26,,,,,,,
414,8,159,26,,,,,,,
415,8,152,27,,,,,,,
416,8,153,27,,,,,,,
417,8,154,27,,,,,,,
418,8,155,27,,,,,,,
419,8,156,27,,,,,,,
420,8,157,27,,,,,,,
421,8,158,27,,,,,,,
